"ModelFamily","ModelType","ModelInstance"
"AirplaneLD","COL","0010"
"AirplaneLD","COL","0020"
"AirplaneLD","COL","0050"
"AirplaneLD","COL","0100"
"AirplaneLD","COL","0200"
"AirplaneLD","COL","0500"
"AirplaneLD","COL","1000"
"AirplaneLD","COL","2000"
"AirplaneLD","COL","4000"
"AirplaneLD","PT","0010"
"AirplaneLD","PT","0020"
"AirplaneLD","PT","0050"
"AirplaneLD","PT","0100"
"AirplaneLD","PT","0200"
"AirplaneLD","PT","0500"
"AirplaneLD","PT","1000"
"AirplaneLD","PT","2000"
"AirplaneLD","PT","4000"
"Anderson","PT","04"
"Anderson","PT","05"
"Anderson","PT","06"
"Anderson","PT","07"
"Anderson","PT","08"
"Anderson","PT","09"
"Anderson","PT","10"
"Anderson","PT","11"
"Anderson","PT","12"
"Angiogenesis","PT","01"
"Angiogenesis","PT","05"
"Angiogenesis","PT","10"
"Angiogenesis","PT","15"
"Angiogenesis","PT","20"
"Angiogenesis","PT","25"
"Angiogenesis","PT","50"
"ARMCacheCoherence","PT","none"
"ASLink","PT","01a"
"ASLink","PT","01b"
"ASLink","PT","02a"
"ASLink","PT","02b"
"ASLink","PT","03a"
"ASLink","PT","03b"
"ASLink","PT","04a"
"ASLink","PT","04b"
"ASLink","PT","05a"
"ASLink","PT","05b"
"ASLink","PT","06a"
"ASLink","PT","06b"
"ASLink","PT","07a"
"ASLink","PT","07b"
"ASLink","PT","08a"
"ASLink","PT","08b"
"ASLink","PT","09a"
"ASLink","PT","09b"
"ASLink","PT","10a"
"ASLink","PT","10b"
"AutoFlight","PT","01a"
"AutoFlight","PT","01b"
"AutoFlight","PT","02a"
"AutoFlight","PT","02b"
"AutoFlight","PT","03a"
"AutoFlight","PT","03b"
"AutoFlight","PT","04a"
"AutoFlight","PT","04b"
"AutoFlight","PT","05a"
"AutoFlight","PT","05b"
"AutoFlight","PT","06a"
"AutoFlight","PT","06b"
"AutoFlight","PT","12a"
"AutoFlight","PT","12b"
"AutoFlight","PT","24a"
"AutoFlight","PT","24b"
"AutoFlight","PT","48a"
"AutoFlight","PT","48b"
"AutoFlight","PT","96a"
"AutoFlight","PT","96b"
"AutonomousCar","PT","01a"
"AutonomousCar","PT","01b"
"AutonomousCar","PT","02a"
"AutonomousCar","PT","02b"
"AutonomousCar","PT","03a"
"AutonomousCar","PT","03b"
"AutonomousCar","PT","04a"
"AutonomousCar","PT","04b"
"AutonomousCar","PT","05a"
"AutonomousCar","PT","05b"
"AutonomousCar","PT","06a"
"AutonomousCar","PT","06b"
"AutonomousCar","PT","07a"
"AutonomousCar","PT","07b"
"AutonomousCar","PT","08a"
"AutonomousCar","PT","08b"
"AutonomousCar","PT","09a"
"AutonomousCar","PT","09b"
"AutonomousCar","PT","10a"
"AutonomousCar","PT","10b"
"BART","COL","002"
"BART","COL","005"
"BART","COL","010"
"BART","COL","020"
"BART","COL","030"
"BART","COL","040"
"BART","COL","050"
"BART","COL","060"
"BART","PT","002"
"BART","PT","005"
"BART","PT","010"
"BART","PT","020"
"BART","PT","030"
"BART","PT","040"
"BART","PT","050"
"BART","PT","060"
"BlocksWorld","PT","01"
"BlocksWorld","PT","02"
"BlocksWorld","PT","03"
"BlocksWorld","PT","04"
"BlocksWorld","PT","05"
"BlocksWorld","PT","06"
"BlocksWorld","PT","07"
"BlocksWorld","PT","08"
"BlocksWorld","PT","09"
"BlocksWorld","PT","10"
"BlocksWorld","PT","11"
"BlocksWorld","PT","12"
"BlocksWorld","PT","13"
"BlocksWorld","PT","14"
"BlocksWorld","PT","15"
"BlocksWorld","PT","16"
"BlocksWorld","PT","17"
"BlocksWorld","PT","18"
"BlocksWorld","PT","19"
"BlocksWorld","PT","20"
"BridgeAndVehicles","COL","V04P05N02"
"BridgeAndVehicles","COL","V10P10N10"
"BridgeAndVehicles","COL","V20P10N10"
"BridgeAndVehicles","COL","V20P10N20"
"BridgeAndVehicles","COL","V20P10N50"
"BridgeAndVehicles","COL","V20P20N10"
"BridgeAndVehicles","COL","V20P20N20"
"BridgeAndVehicles","COL","V20P20N50"
"BridgeAndVehicles","COL","V50P20N10"
"BridgeAndVehicles","COL","V50P20N20"
"BridgeAndVehicles","COL","V50P20N50"
"BridgeAndVehicles","COL","V50P50N10"
"BridgeAndVehicles","COL","V50P50N20"
"BridgeAndVehicles","COL","V50P50N50"
"BridgeAndVehicles","COL","V80P20N10"
"BridgeAndVehicles","COL","V80P20N20"
"BridgeAndVehicles","COL","V80P20N50"
"BridgeAndVehicles","COL","V80P50N10"
"BridgeAndVehicles","COL","V80P50N20"
"BridgeAndVehicles","COL","V80P50N50"
"BridgeAndVehicles","PT","V04P05N02"
"BridgeAndVehicles","PT","V10P10N10"
"BridgeAndVehicles","PT","V20P10N10"
"BridgeAndVehicles","PT","V20P10N20"
"BridgeAndVehicles","PT","V20P10N50"
"BridgeAndVehicles","PT","V20P20N10"
"BridgeAndVehicles","PT","V20P20N20"
"BridgeAndVehicles","PT","V20P20N50"
"BridgeAndVehicles","PT","V50P20N10"
"BridgeAndVehicles","PT","V50P20N20"
"BridgeAndVehicles","PT","V50P20N50"
"BridgeAndVehicles","PT","V50P50N10"
"BridgeAndVehicles","PT","V50P50N20"
"BridgeAndVehicles","PT","V50P50N50"
"BridgeAndVehicles","PT","V80P20N10"
"BridgeAndVehicles","PT","V80P20N20"
"BridgeAndVehicles","PT","V80P20N50"
"BridgeAndVehicles","PT","V80P50N10"
"BridgeAndVehicles","PT","V80P50N20"
"BridgeAndVehicles","PT","V80P50N50"
"BugTracking","PT","q3m002"
"BugTracking","PT","q3m004"
"BugTracking","PT","q3m008"
"BugTracking","PT","q3m016"
"BugTracking","PT","q3m032"
"BugTracking","PT","q3m064"
"BugTracking","PT","q3m128"
"BugTracking","PT","q3m256"
"BugTracking","PT","q8m002"
"BugTracking","PT","q8m004"
"BugTracking","PT","q8m008"
"BugTracking","PT","q8m016"
"BugTracking","PT","q8m032"
"BugTracking","PT","q8m064"
"BugTracking","PT","q8m128"
"BugTracking","PT","q8m256"
"BusinessProcesses","PT","01"
"BusinessProcesses","PT","02"
"BusinessProcesses","PT","03"
"BusinessProcesses","PT","04"
"BusinessProcesses","PT","05"
"BusinessProcesses","PT","06"
"BusinessProcesses","PT","07"
"BusinessProcesses","PT","08"
"BusinessProcesses","PT","09"
"BusinessProcesses","PT","10"
"BusinessProcesses","PT","11"
"BusinessProcesses","PT","12"
"BusinessProcesses","PT","13"
"BusinessProcesses","PT","14"
"BusinessProcesses","PT","15"
"BusinessProcesses","PT","16"
"BusinessProcesses","PT","17"
"BusinessProcesses","PT","18"
"BusinessProcesses","PT","19"
"BusinessProcesses","PT","20"
"CANConstruction","PT","005"
"CANConstruction","PT","010"
"CANConstruction","PT","020"
"CANConstruction","PT","030"
"CANConstruction","PT","040"
"CANConstruction","PT","050"
"CANConstruction","PT","060"
"CANConstruction","PT","070"
"CANConstruction","PT","080"
"CANConstruction","PT","090"
"CANConstruction","PT","100"
"CANInsertWithFailure","PT","005"
"CANInsertWithFailure","PT","010"
"CANInsertWithFailure","PT","020"
"CANInsertWithFailure","PT","030"
"CANInsertWithFailure","PT","040"
"CANInsertWithFailure","PT","050"
"CANInsertWithFailure","PT","060"
"CANInsertWithFailure","PT","070"
"CANInsertWithFailure","PT","080"
"CANInsertWithFailure","PT","090"
"CANInsertWithFailure","PT","100"
"CircadianClock","PT","000001"
"CircadianClock","PT","000010"
"CircadianClock","PT","000100"
"CircadianClock","PT","001000"
"CircadianClock","PT","010000"
"CircadianClock","PT","100000"
"CircularTrains","PT","012"
"CircularTrains","PT","024"
"CircularTrains","PT","048"
"CircularTrains","PT","096"
"CircularTrains","PT","192"
"CircularTrains","PT","384"
"CircularTrains","PT","768"
"ClientsAndServers","PT","N0001P0"
"ClientsAndServers","PT","N0002P0"
"ClientsAndServers","PT","N0002P1"
"ClientsAndServers","PT","N0005P0"
"ClientsAndServers","PT","N0005P1"
"ClientsAndServers","PT","N0010P0"
"ClientsAndServers","PT","N0010P1"
"ClientsAndServers","PT","N0010P2"
"ClientsAndServers","PT","N0020P0"
"ClientsAndServers","PT","N0020P1"
"ClientsAndServers","PT","N0020P2"
"ClientsAndServers","PT","N0020P3"
"ClientsAndServers","PT","N0020P4"
"ClientsAndServers","PT","N0050P0"
"ClientsAndServers","PT","N0100P0"
"ClientsAndServers","PT","N0200P0"
"ClientsAndServers","PT","N0500P0"
"ClientsAndServers","PT","N1000P0"
"ClientsAndServers","PT","N2000P0"
"ClientsAndServers","PT","N5000P0"
"CloudDeployment","PT","2a"
"CloudDeployment","PT","2b"
"CloudDeployment","PT","3a"
"CloudDeployment","PT","3b"
"CloudDeployment","PT","4a"
"CloudDeployment","PT","4b"
"CloudDeployment","PT","5a"
"CloudDeployment","PT","5b"
"CloudDeployment","PT","6a"
"CloudDeployment","PT","6b"
"CloudDeployment","PT","7a"
"CloudDeployment","PT","7b"
"CloudOpsManagement","PT","00002by00001"
"CloudOpsManagement","PT","00005by00002"
"CloudOpsManagement","PT","00010by00005"
"CloudOpsManagement","PT","00020by00010"
"CloudOpsManagement","PT","00040by00020"
"CloudOpsManagement","PT","00080by00040"
"CloudOpsManagement","PT","00160by00080"
"CloudOpsManagement","PT","00320by00160"
"CloudOpsManagement","PT","00640by00320"
"CloudOpsManagement","PT","01280by00640"
"CloudOpsManagement","PT","02560by01280"
"CloudOpsManagement","PT","05120by02560"
"CloudOpsManagement","PT","10240by05120"
"CloudOpsManagement","PT","20480by10240"
"CloudReconfiguration","PT","301"
"CloudReconfiguration","PT","302"
"CloudReconfiguration","PT","303"
"CloudReconfiguration","PT","304"
"CloudReconfiguration","PT","305"
"CloudReconfiguration","PT","306"
"CloudReconfiguration","PT","307"
"CloudReconfiguration","PT","308"
"CloudReconfiguration","PT","309"
"CloudReconfiguration","PT","310"
"CloudReconfiguration","PT","311"
"CloudReconfiguration","PT","312"
"CloudReconfiguration","PT","313"
"CloudReconfiguration","PT","314"
"CloudReconfiguration","PT","316"
"CloudReconfiguration","PT","317"
"CloudReconfiguration","PT","318"
"CloudReconfiguration","PT","319"
"CloudReconfiguration","PT","320"
"CloudReconfiguration","PT","401"
"CloudReconfiguration","PT","402"
"CO4","PT","01"
"CO4","PT","02"
"CO4","PT","03"
"CO4","PT","04"
"CO4","PT","05"
"CO4","PT","06"
"CO4","PT","07"
"CO4","PT","08"
"CO4","PT","09"
"CO4","PT","10"
"CO4","PT","11"
"CO4","PT","12"
"CO4","PT","13"
"CO4","PT","14"
"CO4","PT","15"
"CO4","PT","16"
"CO4","PT","17"
"CO4","PT","18"
"CO4","PT","19"
"CO4","PT","20"
"CO4","PT","21"
"CryptoMiner","COL","D03N000"
"CryptoMiner","COL","D03N010"
"CryptoMiner","COL","D03N100"
"CryptoMiner","COL","D05N000"
"CryptoMiner","COL","D05N100"
"CryptoMiner","COL","D05N250"
"CryptoMiner","COL","D10N000"
"CryptoMiner","COL","D10N100"
"CryptoMiner","COL","D20N100"
"CryptoMiner","PT","D03N000"
"CryptoMiner","PT","D03N010"
"CryptoMiner","PT","D03N100"
"CryptoMiner","PT","D05N000"
"CryptoMiner","PT","D05N100"
"CryptoMiner","PT","D05N250"
"CryptoMiner","PT","D10N000"
"CryptoMiner","PT","D10N100"
"CryptoMiner","PT","D20N100"
"CSRepetitions","COL","02"
"CSRepetitions","COL","03"
"CSRepetitions","COL","04"
"CSRepetitions","COL","05"
"CSRepetitions","COL","07"
"CSRepetitions","COL","10"
"CSRepetitions","PT","02"
"CSRepetitions","PT","03"
"CSRepetitions","PT","04"
"CSRepetitions","PT","05"
"CSRepetitions","PT","07"
"CSRepetitions","PT","10"
"DatabaseWithMutex","COL","02"
"DatabaseWithMutex","COL","04"
"DatabaseWithMutex","COL","10"
"DatabaseWithMutex","COL","20"
"DatabaseWithMutex","COL","40"
"DatabaseWithMutex","PT","02"
"DatabaseWithMutex","PT","04"
"DatabaseWithMutex","PT","10"
"DatabaseWithMutex","PT","20"
"DatabaseWithMutex","PT","40"
"DBSingleClientW","PT","d0m04"
"DBSingleClientW","PT","d0m05"
"DBSingleClientW","PT","d0m06"
"DBSingleClientW","PT","d0m07"
"DBSingleClientW","PT","d0m08"
"DBSingleClientW","PT","d0m09"
"DBSingleClientW","PT","d0m10"
"DBSingleClientW","PT","d1m04"
"DBSingleClientW","PT","d1m05"
"DBSingleClientW","PT","d1m06"
"DBSingleClientW","PT","d1m07"
"DBSingleClientW","PT","d1m08"
"DBSingleClientW","PT","d1m09"
"DBSingleClientW","PT","d1m10"
"DBSingleClientW","PT","d2m04"
"DBSingleClientW","PT","d2m05"
"DBSingleClientW","PT","d2m06"
"DBSingleClientW","PT","d2m07"
"DBSingleClientW","PT","d2m08"
"DBSingleClientW","PT","d2m09"
"DBSingleClientW","PT","d2m10"
"Dekker","PT","010"
"Dekker","PT","015"
"Dekker","PT","020"
"Dekker","PT","050"
"Dekker","PT","100"
"Dekker","PT","200"
"DES","PT","00a"
"DES","PT","00b"
"DES","PT","01a"
"DES","PT","01b"
"DES","PT","02a"
"DES","PT","02b"
"DES","PT","05a"
"DES","PT","05b"
"DES","PT","10a"
"DES","PT","10b"
"DES","PT","20a"
"DES","PT","20b"
"DES","PT","30a"
"DES","PT","30b"
"DES","PT","40a"
"DES","PT","40b"
"DES","PT","50a"
"DES","PT","50b"
"DES","PT","60a"
"DES","PT","60b"
"Diffusion2D","PT","D05N010"
"Diffusion2D","PT","D05N050"
"Diffusion2D","PT","D05N100"
"Diffusion2D","PT","D05N150"
"Diffusion2D","PT","D05N200"
"Diffusion2D","PT","D05N250"
"Diffusion2D","PT","D05N300"
"Diffusion2D","PT","D05N350"
"Diffusion2D","PT","D10N010"
"Diffusion2D","PT","D10N050"
"Diffusion2D","PT","D10N100"
"Diffusion2D","PT","D10N150"
"Diffusion2D","PT","D10N200"
"Diffusion2D","PT","D20N010"
"Diffusion2D","PT","D20N050"
"Diffusion2D","PT","D20N100"
"Diffusion2D","PT","D20N150"
"Diffusion2D","PT","D30N010"
"Diffusion2D","PT","D30N050"
"Diffusion2D","PT","D30N100"
"Diffusion2D","PT","D30N150"
"Diffusion2D","PT","D40N010"
"Diffusion2D","PT","D40N050"
"Diffusion2D","PT","D40N100"
"Diffusion2D","PT","D40N150"
"Diffusion2D","PT","D50N010"
"Diffusion2D","PT","D50N050"
"Diffusion2D","PT","D50N100"
"Diffusion2D","PT","D50N150"
"DiscoveryGPU","PT","06a"
"DiscoveryGPU","PT","06b"
"DiscoveryGPU","PT","07a"
"DiscoveryGPU","PT","07b"
"DiscoveryGPU","PT","08a"
"DiscoveryGPU","PT","08b"
"DiscoveryGPU","PT","09a"
"DiscoveryGPU","PT","09b"
"DiscoveryGPU","PT","10a"
"DiscoveryGPU","PT","10b"
"DiscoveryGPU","PT","11a"
"DiscoveryGPU","PT","11b"
"DiscoveryGPU","PT","12a"
"DiscoveryGPU","PT","12b"
"DiscoveryGPU","PT","13a"
"DiscoveryGPU","PT","13b"
"DiscoveryGPU","PT","14a"
"DiscoveryGPU","PT","14b"
"DiscoveryGPU","PT","15a"
"DiscoveryGPU","PT","15b"
"DLCflexbar","PT","2a"
"DLCflexbar","PT","2b"
"DLCflexbar","PT","3a"
"DLCflexbar","PT","3b"
"DLCflexbar","PT","4a"
"DLCflexbar","PT","4b"
"DLCflexbar","PT","5a"
"DLCflexbar","PT","5b"
"DLCflexbar","PT","6a"
"DLCflexbar","PT","6b"
"DLCflexbar","PT","7a"
"DLCflexbar","PT","7b"
"DLCflexbar","PT","8a"
"DLCflexbar","PT","8b"
"DLCround","PT","03a"
"DLCround","PT","03b"
"DLCround","PT","04a"
"DLCround","PT","04b"
"DLCround","PT","05a"
"DLCround","PT","05b"
"DLCround","PT","06a"
"DLCround","PT","06b"
"DLCround","PT","07a"
"DLCround","PT","07b"
"DLCround","PT","08a"
"DLCround","PT","08b"
"DLCround","PT","09a"
"DLCround","PT","09b"
"DLCround","PT","10a"
"DLCround","PT","10b"
"DLCround","PT","11a"
"DLCround","PT","11b"
"DLCround","PT","12a"
"DLCround","PT","12b"
"DLCround","PT","13a"
"DLCround","PT","13b"
"DLCshifumi","PT","2a"
"DLCshifumi","PT","2b"
"DLCshifumi","PT","3a"
"DLCshifumi","PT","3b"
"DLCshifumi","PT","4a"
"DLCshifumi","PT","4b"
"DLCshifumi","PT","5a"
"DLCshifumi","PT","5b"
"DLCshifumi","PT","6a"
"DLCshifumi","PT","6b"
"DNAwalker","PT","01track12Block1"
"DNAwalker","PT","02track12Block2"
"DNAwalker","PT","03track12BlockBoth"
"DNAwalker","PT","04track28LL"
"DNAwalker","PT","05track28LR"
"DNAwalker","PT","08ringLL"
"DNAwalker","PT","09ringLR"
"DNAwalker","PT","12ringLLLarge"
"DNAwalker","PT","14ringLRLarge"
"DNAwalker","PT","16redondantChoiceR"
"DNAwalker","PT","18lozangeBlock"
"DoubleExponent","PT","001"
"DoubleExponent","PT","002"
"DoubleExponent","PT","003"
"DoubleExponent","PT","004"
"DoubleExponent","PT","010"
"DoubleExponent","PT","020"
"DoubleExponent","PT","100"
"DoubleExponent","PT","200"
"DoubleLock","PT","p1s1"
"DoubleLock","PT","p1s2"
"DoubleLock","PT","p1s3"
"DoubleLock","PT","p2s1"
"DoubleLock","PT","p2s2"
"DoubleLock","PT","p3s1"
"DoubleLock","PT","p3s2"
"DoubleLock","PT","p3s3"
"DrinkVendingMachine","COL","02"
"DrinkVendingMachine","COL","10"
"DrinkVendingMachine","COL","16"
"DrinkVendingMachine","COL","24"
"DrinkVendingMachine","COL","48"
"DrinkVendingMachine","COL","76"
"DrinkVendingMachine","COL","98"
"DrinkVendingMachine","PT","02"
"DrinkVendingMachine","PT","10"
"Echo","PT","d02r09"
"Echo","PT","d02r11"
"Echo","PT","d02r15"
"Echo","PT","d02r19"
"Echo","PT","d03r03"
"Echo","PT","d03r05"
"Echo","PT","d03r07"
"Echo","PT","d04r03"
"Echo","PT","d05r03"
"EGFr","PT","02010"
"EGFr","PT","10420"
"EGFr","PT","10421"
"EisenbergMcGuire","PT","03"
"EisenbergMcGuire","PT","04"
"EisenbergMcGuire","PT","05"
"EisenbergMcGuire","PT","06"
"EisenbergMcGuire","PT","07"
"EisenbergMcGuire","PT","08"
"EisenbergMcGuire","PT","09"
"EisenbergMcGuire","PT","10"
"Election2020","PT","none"
"EnergyBus","PT","none"
"Eratosthenes","PT","010"
"Eratosthenes","PT","020"
"Eratosthenes","PT","050"
"Eratosthenes","PT","100"
"Eratosthenes","PT","200"
"Eratosthenes","PT","500"
"ERK","PT","000001"
"ERK","PT","000010"
"ERK","PT","000100"
"ERK","PT","001000"
"ERK","PT","010000"
"ERK","PT","100000"
"FamilyReunion","COL","L00010M0001C001P001G001"
"FamilyReunion","COL","L00020M0002C001P001G001"
"FamilyReunion","COL","L00050M0005C002P002G001"
"FamilyReunion","COL","L00100M0010C005P005G002"
"FamilyReunion","COL","L00200M0020C010P010G005"
"FamilyReunion","COL","L00400M0040C020P020G001"
"FamilyReunion","COL","L00800M0080C040P040G020"
"FamilyReunion","COL","L01200M0120C060P060G030"
"FamilyReunion","COL","L03000M0300G150P150G075"
"FamilyReunion","COL","L05000M0500C250P250G125"
"FamilyReunion","COL","L08000M0800C400P400G200"
"FamilyReunion","COL","L12000M1200C600P600G300"
"FamilyReunion","PT","L00010M0001C001P001G001"
"FamilyReunion","PT","L00020M0002C001P001G001"
"FamilyReunion","PT","L00050M0005C002P002G001"
"FamilyReunion","PT","L00100M0010C005P005G002"
"FamilyReunion","PT","L00200M0020C010P010G005"
"FamilyReunion","PT","L00400M0040C020P020G001"
"FireWire","PT","01"
"FireWire","PT","02"
"FireWire","PT","03"
"FireWire","PT","04"
"FireWire","PT","05"
"FireWire","PT","06"
"FireWire","PT","07"
"FireWire","PT","08"
"FireWire","PT","09"
"FireWire","PT","10"
"FireWire","PT","11"
"FireWire","PT","12"
"FireWire","PT","13"
"FireWire","PT","14"
"FireWire","PT","15"
"FireWire","PT","16"
"FireWire","PT","17"
"FireWire","PT","18"
"FireWire","PT","19"
"FireWire","PT","20"
"FlexibleBarrier","PT","04a"
"FlexibleBarrier","PT","04b"
"FlexibleBarrier","PT","06a"
"FlexibleBarrier","PT","06b"
"FlexibleBarrier","PT","08a"
"FlexibleBarrier","PT","08b"
"FlexibleBarrier","PT","10a"
"FlexibleBarrier","PT","10b"
"FlexibleBarrier","PT","12a"
"FlexibleBarrier","PT","12b"
"FlexibleBarrier","PT","14a"
"FlexibleBarrier","PT","14b"
"FlexibleBarrier","PT","16a"
"FlexibleBarrier","PT","16b"
"FlexibleBarrier","PT","18a"
"FlexibleBarrier","PT","18b"
"FlexibleBarrier","PT","20a"
"FlexibleBarrier","PT","20b"
"FlexibleBarrier","PT","22a"
"FlexibleBarrier","PT","22b"
"FMS","PT","00002"
"FMS","PT","00005"
"FMS","PT","00010"
"FMS","PT","00020"
"FMS","PT","00050"
"FMS","PT","00100"
"FMS","PT","00200"
"FMS","PT","00500"
"FMS","PT","01000"
"FMS","PT","02000"
"FMS","PT","05000"
"FMS","PT","10000"
"FMS","PT","20000"
"FMS","PT","50000"
"FunctionPointer","PT","a002"
"FunctionPointer","PT","a004"
"FunctionPointer","PT","a008"
"FunctionPointer","PT","a016"
"FunctionPointer","PT","a032"
"FunctionPointer","PT","a064"
"FunctionPointer","PT","a128"
"FunctionPointer","PT","b002"
"FunctionPointer","PT","b004"
"FunctionPointer","PT","b008"
"FunctionPointer","PT","b016"
"FunctionPointer","PT","b032"
"FunctionPointer","PT","b064"
"FunctionPointer","PT","b128"
"FunctionPointer","PT","c002"
"FunctionPointer","PT","c004"
"FunctionPointer","PT","c008"
"FunctionPointer","PT","c016"
"FunctionPointer","PT","c032"
"FunctionPointer","PT","c064"
"FunctionPointer","PT","c128"
"GlobalResAllocation","COL","03"
"GlobalResAllocation","COL","05"
"GlobalResAllocation","COL","06"
"GlobalResAllocation","COL","07"
"GlobalResAllocation","COL","09"
"GlobalResAllocation","COL","10"
"GlobalResAllocation","COL","11"
"GlobalResAllocation","PT","03"
"GlobalResAllocation","PT","05"
"GPPP","PT","C0001N0000000001"
"GPPP","PT","C0001N0000000010"
"GPPP","PT","C0001N0000000100"
"GPPP","PT","C0001N0000001000"
"GPPP","PT","C0001N0000010000"
"GPPP","PT","C0001N0000100000"
"GPPP","PT","C0010N0000000010"
"GPPP","PT","C0010N0000000100"
"GPPP","PT","C0010N1000000000"
"GPPP","PT","C0100N0000000010"
"GPPP","PT","C0100N0000000100"
"GPPP","PT","C0100N0000001000"
"GPPP","PT","C0100N0000010000"
"GPPP","PT","C0100N0000100000"
"GPPP","PT","C1000N0000000010"
"GPPP","PT","C1000N0000000100"
"GPPP","PT","C1000N0000001000"
"GPUForwardProgress","PT","04a"
"GPUForwardProgress","PT","04b"
"GPUForwardProgress","PT","08a"
"GPUForwardProgress","PT","08b"
"GPUForwardProgress","PT","12a"
"GPUForwardProgress","PT","12b"
"GPUForwardProgress","PT","16a"
"GPUForwardProgress","PT","16b"
"GPUForwardProgress","PT","20a"
"GPUForwardProgress","PT","20b"
"GPUForwardProgress","PT","24a"
"GPUForwardProgress","PT","24b"
"GPUForwardProgress","PT","28a"
"GPUForwardProgress","PT","28b"
"GPUForwardProgress","PT","32a"
"GPUForwardProgress","PT","32b"
"GPUForwardProgress","PT","36a"
"GPUForwardProgress","PT","36b"
"GPUForwardProgress","PT","40a"
"GPUForwardProgress","PT","40b"
"HealthRecord","PT","01"
"HealthRecord","PT","02"
"HealthRecord","PT","03"
"HealthRecord","PT","04"
"HealthRecord","PT","05"
"HealthRecord","PT","06"
"HealthRecord","PT","07"
"HealthRecord","PT","08"
"HealthRecord","PT","09"
"HealthRecord","PT","10"
"HealthRecord","PT","11"
"HealthRecord","PT","12"
"HealthRecord","PT","13"
"HealthRecord","PT","14"
"HealthRecord","PT","15"
"HealthRecord","PT","16"
"HealthRecord","PT","17"
"HexagonalGrid","PT","110"
"HexagonalGrid","PT","126"
"HexagonalGrid","PT","226"
"HexagonalGrid","PT","316"
"HexagonalGrid","PT","410"
"HexagonalGrid","PT","516"
"HexagonalGrid","PT","816"
"HirschbergSinclair","PT","05"
"HirschbergSinclair","PT","10"
"HirschbergSinclair","PT","15"
"HirschbergSinclair","PT","20"
"HirschbergSinclair","PT","25"
"HirschbergSinclair","PT","30"
"HirschbergSinclair","PT","35"
"HirschbergSinclair","PT","40"
"HirschbergSinclair","PT","45"
"HirschbergSinclair","PT","50"
"HospitalTriage","PT","none"
"HouseConstruction","PT","00002"
"HouseConstruction","PT","00005"
"HouseConstruction","PT","00010"
"HouseConstruction","PT","00020"
"HouseConstruction","PT","00050"
"HouseConstruction","PT","00100"
"HouseConstruction","PT","00200"
"HouseConstruction","PT","00500"
"HouseConstruction","PT","01000"
"HouseConstruction","PT","02000"
"HouseConstruction","PT","04000"
"HouseConstruction","PT","08000"
"HouseConstruction","PT","16000"
"HouseConstruction","PT","32000"
"HypercubeGrid","PT","C3K4P4B12"
"HypercubeGrid","PT","C4K3P3B12"
"HypercubeGrid","PT","C5K3P3B15"
"HypertorusGrid","PT","d2k1p8b00"
"HypertorusGrid","PT","d2k2p1b00"
"HypertorusGrid","PT","d2k3p2b04"
"HypertorusGrid","PT","d3k3p2b06"
"HypertorusGrid","PT","d4k3p2b08"
"HypertorusGrid","PT","d5k3p2b10"
"IBM319","PT","none"
"IBM5964","PT","none"
"IBM703","PT","none"
"IBMB2S565S3960","PT","none"
"IOTPpurchase","PT","C01M01P01D01"
"IOTPpurchase","PT","C03M03P03D03"
"IOTPpurchase","PT","C05M04P03D02"
"IOTPpurchase","PT","C12M10P15D17"
"JoinFreeModules","PT","0003"
"JoinFreeModules","PT","0004"
"JoinFreeModules","PT","0005"
"JoinFreeModules","PT","0010"
"JoinFreeModules","PT","0020"
"JoinFreeModules","PT","0050"
"JoinFreeModules","PT","0100"
"JoinFreeModules","PT","0200"
"JoinFreeModules","PT","0500"
"JoinFreeModules","PT","1000"
"JoinFreeModules","PT","2000"
"JoinFreeModules","PT","5000"
"Kanban","PT","00005"
"Kanban","PT","00010"
"Kanban","PT","00020"
"Kanban","PT","00050"
"Kanban","PT","00100"
"Kanban","PT","00200"
"Kanban","PT","00500"
"Kanban","PT","01000"
"Kanban","PT","02000"
"Kanban","PT","05000"
"Kanban","PT","10000"
"Kanban","PT","20000"
"Kanban","PT","50000"
"LamportFastMutEx","COL","2"
"LamportFastMutEx","COL","3"
"LamportFastMutEx","COL","4"
"LamportFastMutEx","COL","5"
"LamportFastMutEx","COL","6"
"LamportFastMutEx","COL","7"
"LamportFastMutEx","COL","8"
"LamportFastMutEx","PT","2"
"LamportFastMutEx","PT","3"
"LamportFastMutEx","PT","4"
"LamportFastMutEx","PT","5"
"LamportFastMutEx","PT","6"
"LamportFastMutEx","PT","7"
"LamportFastMutEx","PT","8"
"LeafsetExtension","PT","S08C2"
"LeafsetExtension","PT","S08C3"
"LeafsetExtension","PT","S08C4"
"LeafsetExtension","PT","S16C2"
"LeafsetExtension","PT","S16C3"
"LeafsetExtension","PT","S16C4"
"LeafsetExtension","PT","S32C2"
"LeafsetExtension","PT","S32C3"
"LeafsetExtension","PT","S32C4"
"LeafsetExtension","PT","S64C2"
"LeafsetExtension","PT","S64C3"
"LeafsetExtension","PT","S64C4"
"MAPK","PT","00008"
"MAPK","PT","00020"
"MAPK","PT","00040"
"MAPK","PT","00080"
"MAPK","PT","00160"
"MAPK","PT","00320"
"MAPK","PT","00640"
"MAPK","PT","01280"
"MAPK","PT","02560"
"MAPK","PT","05120"
"MAPK","PT","10240"
"MAPKbis","PT","5310"
"MAPKbis","PT","5320"
"Medical","PT","02"
"Medical","PT","04"
"Medical","PT","06"
"Medical","PT","08"
"Medical","PT","10"
"Medical","PT","12"
"Medical","PT","14"
"Medical","PT","16"
"Medical","PT","18"
"Medical","PT","20"
"Medical","PT","22"
"Medical","PT","24"
"MedleyA","PT","01"
"MedleyA","PT","02"
"MedleyA","PT","03"
"MedleyA","PT","04"
"MedleyA","PT","05"
"MedleyA","PT","06"
"MedleyA","PT","07"
"MedleyA","PT","08"
"MedleyA","PT","09"
"MedleyA","PT","10"
"MedleyA","PT","11"
"MedleyA","PT","12"
"MedleyA","PT","13"
"MedleyA","PT","14"
"MedleyA","PT","15"
"MedleyA","PT","16"
"MedleyA","PT","17"
"MedleyA","PT","18"
"MedleyA","PT","19"
"MedleyA","PT","20"
"MedleyA","PT","21"
"MedleyA","PT","22"
"MedleyA","PT","23"
"MultiCrashLeafsetExtension","PT","S16C02"
"MultiCrashLeafsetExtension","PT","S16C03"
"MultiCrashLeafsetExtension","PT","S16C04"
"MultiCrashLeafsetExtension","PT","S16C05"
"MultiCrashLeafsetExtension","PT","S16C06"
"MultiCrashLeafsetExtension","PT","S16C07"
"MultiCrashLeafsetExtension","PT","S16C08"
"MultiCrashLeafsetExtension","PT","S24C02"
"MultiCrashLeafsetExtension","PT","S24C03"
"MultiCrashLeafsetExtension","PT","S24C04"
"MultiCrashLeafsetExtension","PT","S24C05"
"MultiCrashLeafsetExtension","PT","S24C06"
"MultiCrashLeafsetExtension","PT","S24C07"
"MultiCrashLeafsetExtension","PT","S24C08"
"MultiCrashLeafsetExtension","PT","S24C09"
"MultiCrashLeafsetExtension","PT","S24C10"
"MultiCrashLeafsetExtension","PT","S24C11"
"MultiCrashLeafsetExtension","PT","S24C12"
"MultiCrashLeafsetExtension","PT","S32C02"
"MultiCrashLeafsetExtension","PT","S32C03"
"MultiCrashLeafsetExtension","PT","S32C04"
"MultiCrashLeafsetExtension","PT","S32C05"
"MultiCrashLeafsetExtension","PT","S32C06"
"MultiCrashLeafsetExtension","PT","S32C07"
"MultiCrashLeafsetExtension","PT","S32C08"
"MultiCrashLeafsetExtension","PT","S32C09"
"MultiCrashLeafsetExtension","PT","S32C10"
"MultiCrashLeafsetExtension","PT","S32C11"
"MultiCrashLeafsetExtension","PT","S32C12"
"MultiwaySync","PT","none"
"Murphy","COL","D1N010"
"Murphy","COL","D2N050"
"Murphy","COL","D2N100"
"Murphy","COL","D3N050"
"Murphy","COL","D4N025"
"Murphy","COL","D4N050"
"Murphy","PT","D1N010"
"Murphy","PT","D2N050"
"Murphy","PT","D2N100"
"Murphy","PT","D3N050"
"Murphy","PT","D4N025"
"Murphy","PT","D4N050"
"NeighborGrid","PT","d2n3m1c12"
"NeighborGrid","PT","d2n3m1t12"
"NeighborGrid","PT","d3n3m1t11"
"NeighborGrid","PT","d4n3m2c23"
"NeighborGrid","PT","d5n4m1t35"
"NeoElection","COL","2"
"NeoElection","COL","3"
"NeoElection","COL","4"
"NeoElection","COL","5"
"NeoElection","COL","6"
"NeoElection","COL","7"
"NeoElection","COL","8"
"NeoElection","PT","2"
"NeoElection","PT","3"
"NeoElection","PT","4"
"NeoElection","PT","5"
"NeoElection","PT","6"
"NeoElection","PT","7"
"NeoElection","PT","8"
"NoC3x3","PT","1A"
"NoC3x3","PT","1B"
"NoC3x3","PT","2A"
"NoC3x3","PT","2B"
"NoC3x3","PT","3A"
"NoC3x3","PT","3B"
"NoC3x3","PT","4A"
"NoC3x3","PT","4B"
"NoC3x3","PT","5A"
"NoC3x3","PT","5B"
"NoC3x3","PT","6A"
"NoC3x3","PT","6B"
"NoC3x3","PT","7A"
"NoC3x3","PT","7B"
"NoC3x3","PT","8A"
"NoC3x3","PT","8B"
"NQueens","PT","05"
"NQueens","PT","08"
"NQueens","PT","10"
"NQueens","PT","12"
"NQueens","PT","15"
"NQueens","PT","20"
"NQueens","PT","25"
"NQueens","PT","30"
"PaceMaker","PT","none"
"ParamProductionCell","PT","0"
"ParamProductionCell","PT","1"
"ParamProductionCell","PT","2"
"ParamProductionCell","PT","3"
"ParamProductionCell","PT","4"
"ParamProductionCell","PT","5"
"Parking","PT","104"
"Parking","PT","208"
"Parking","PT","416"
"Parking","PT","432"
"Parking","PT","832"
"Parking","PT","864"
"PermAdmissibility","COL","01"
"PermAdmissibility","COL","02"
"PermAdmissibility","COL","05"
"PermAdmissibility","COL","10"
"PermAdmissibility","COL","20"
"PermAdmissibility","COL","50"
"PermAdmissibility","PT","01"
"PermAdmissibility","PT","02"
"PermAdmissibility","PT","05"
"PermAdmissibility","PT","10"
"PermAdmissibility","PT","20"
"PermAdmissibility","PT","50"
"Peterson","COL","2"
"Peterson","COL","3"
"Peterson","COL","4"
"Peterson","COL","5"
"Peterson","COL","6"
"Peterson","COL","7"
"Peterson","PT","2"
"Peterson","PT","3"
"Peterson","PT","4"
"Peterson","PT","5"
"Peterson","PT","6"
"Peterson","PT","7"
"PGCD","COL","D02N005"
"PGCD","COL","D02N006"
"PGCD","COL","D02N100"
"PGCD","COL","D03N050"
"PGCD","COL","D04N025"
"PGCD","COL","D04N050"
"PGCD","COL","D05N025"
"PGCD","PT","D02N005"
"PGCD","PT","D02N006"
"PGCD","PT","D02N100"
"PGCD","PT","D03N050"
"PGCD","PT","D04N025"
"PGCD","PT","D04N050"
"PGCD","PT","D05N025"
"PhaseVariation","PT","D02CS010"
"PhaseVariation","PT","D02CS100"
"PhaseVariation","PT","D05CS010"
"PhaseVariation","PT","D05CS100"
"PhaseVariation","PT","D10CS010"
"PhaseVariation","PT","D10CS100"
"PhaseVariation","PT","D20CS010"
"PhaseVariation","PT","D20CS100"
"PhaseVariation","PT","D30CS010"
"PhaseVariation","PT","D30CS100"
"Philosophers","COL","000005"
"Philosophers","COL","000010"
"Philosophers","COL","000020"
"Philosophers","COL","000050"
"Philosophers","COL","000100"
"Philosophers","COL","000200"
"Philosophers","COL","000500"
"Philosophers","COL","001000"
"Philosophers","COL","002000"
"Philosophers","COL","005000"
"Philosophers","COL","010000"
"Philosophers","COL","050000"
"Philosophers","COL","100000"
"Philosophers","PT","000005"
"Philosophers","PT","000010"
"Philosophers","PT","000020"
"Philosophers","PT","000050"
"Philosophers","PT","000100"
"Philosophers","PT","000200"
"Philosophers","PT","000500"
"Philosophers","PT","001000"
"Philosophers","PT","002000"
"Philosophers","PT","005000"
"Philosophers","PT","010000"
"PhilosophersDyn","COL","03"
"PhilosophersDyn","COL","10"
"PhilosophersDyn","COL","20"
"PhilosophersDyn","COL","50"
"PhilosophersDyn","COL","80"
"PhilosophersDyn","PT","03"
"PhilosophersDyn","PT","10"
"PhilosophersDyn","PT","20"
"Planning","PT","none"
"PolyORBLF","COL","S02J04T06"
"PolyORBLF","COL","S02J04T08"
"PolyORBLF","COL","S02J04T10"
"PolyORBLF","COL","S02J06T06"
"PolyORBLF","COL","S02J06T08"
"PolyORBLF","COL","S02J06T10"
"PolyORBLF","COL","S04J04T06"
"PolyORBLF","COL","S04J04T08"
"PolyORBLF","COL","S04J04T10"
"PolyORBLF","COL","S04J06T06"
"PolyORBLF","COL","S04J06T08"
"PolyORBLF","COL","S04J06T10"
"PolyORBLF","COL","S06J04T04"
"PolyORBLF","COL","S06J04T06"
"PolyORBLF","COL","S06J04T08"
"PolyORBLF","COL","S06J06T04"
"PolyORBLF","COL","S06J06T06"
"PolyORBLF","COL","S06J06T08"
"PolyORBLF","PT","S02J04T06"
"PolyORBLF","PT","S02J04T08"
"PolyORBLF","PT","S02J04T10"
"PolyORBLF","PT","S02J06T06"
"PolyORBLF","PT","S02J06T08"
"PolyORBLF","PT","S02J06T10"
"PolyORBLF","PT","S04J04T06"
"PolyORBLF","PT","S04J04T08"
"PolyORBLF","PT","S04J04T10"
"PolyORBLF","PT","S04J06T06"
"PolyORBLF","PT","S04J06T08"
"PolyORBLF","PT","S04J06T10"
"PolyORBLF","PT","S06J04T04"
"PolyORBLF","PT","S06J04T06"
"PolyORBLF","PT","S06J04T08"
"PolyORBLF","PT","S06J06T04"
"PolyORBLF","PT","S06J06T06"
"PolyORBLF","PT","S06J06T08"
"PolyORBNT","COL","S05J20"
"PolyORBNT","COL","S05J30"
"PolyORBNT","COL","S05J40"
"PolyORBNT","COL","S05J60"
"PolyORBNT","COL","S05J80"
"PolyORBNT","COL","S10J20"
"PolyORBNT","COL","S10J30"
"PolyORBNT","COL","S10J40"
"PolyORBNT","COL","S10J60"
"PolyORBNT","COL","S10J80"
"PolyORBNT","PT","S05J20"
"PolyORBNT","PT","S05J30"
"PolyORBNT","PT","S05J40"
"PolyORBNT","PT","S05J60"
"PolyORBNT","PT","S05J80"
"PolyORBNT","PT","S10J20"
"PolyORBNT","PT","S10J30"
"PolyORBNT","PT","S10J40"
"PolyORBNT","PT","S10J60"
"PolyORBNT","PT","S10J80"
"ProductionCell","PT","none"
"QuasiCertifProtocol","COL","02"
"QuasiCertifProtocol","COL","06"
"QuasiCertifProtocol","COL","10"
"QuasiCertifProtocol","COL","18"
"QuasiCertifProtocol","COL","22"
"QuasiCertifProtocol","COL","28"
"QuasiCertifProtocol","COL","32"
"QuasiCertifProtocol","PT","02"
"QuasiCertifProtocol","PT","06"
"QuasiCertifProtocol","PT","10"
"QuasiCertifProtocol","PT","18"
"QuasiCertifProtocol","PT","22"
"QuasiCertifProtocol","PT","28"
"QuasiCertifProtocol","PT","32"
"Raft","PT","02"
"Raft","PT","03"
"Raft","PT","04"
"Raft","PT","05"
"Raft","PT","06"
"Raft","PT","07"
"Raft","PT","08"
"Raft","PT","09"
"Raft","PT","10"
"Railroad","PT","005"
"Railroad","PT","010"
"Railroad","PT","020"
"Railroad","PT","050"
"Railroad","PT","100"
"Referendum","COL","0010"
"Referendum","COL","0015"
"Referendum","COL","0020"
"Referendum","COL","0050"
"Referendum","COL","0100"
"Referendum","COL","0200"
"Referendum","COL","0500"
"Referendum","COL","1000"
"Referendum","PT","0010"
"Referendum","PT","0015"
"Referendum","PT","0020"
"Referendum","PT","0050"
"Referendum","PT","0100"
"Referendum","PT","0200"
"Referendum","PT","0500"
"Referendum","PT","1000"
"RefineWMG","PT","002002"
"RefineWMG","PT","002003"
"RefineWMG","PT","005005"
"RefineWMG","PT","005006"
"RefineWMG","PT","007007"
"RefineWMG","PT","007008"
"RefineWMG","PT","010010"
"RefineWMG","PT","010011"
"RefineWMG","PT","015015"
"RefineWMG","PT","015016"
"RefineWMG","PT","025025"
"RefineWMG","PT","025026"
"RefineWMG","PT","050050"
"RefineWMG","PT","050051"
"RefineWMG","PT","100100"
"RefineWMG","PT","100101"
"RERS17pb113","PT","1"
"RERS17pb113","PT","2"
"RERS17pb113","PT","3"
"RERS17pb113","PT","4"
"RERS17pb113","PT","5"
"RERS17pb113","PT","6"
"RERS17pb113","PT","7"
"RERS17pb113","PT","8"
"RERS17pb113","PT","9"
"RERS17pb114","PT","1"
"RERS17pb114","PT","2"
"RERS17pb114","PT","3"
"RERS17pb114","PT","4"
"RERS17pb114","PT","5"
"RERS17pb114","PT","6"
"RERS17pb114","PT","7"
"RERS17pb114","PT","8"
"RERS17pb114","PT","9"
"RERS17pb115","PT","1"
"RERS17pb115","PT","2"
"RERS17pb115","PT","3"
"RERS17pb115","PT","4"
"RERS17pb115","PT","5"
"RERS17pb115","PT","6"
"RERS17pb115","PT","7"
"RERS17pb115","PT","8"
"RERS17pb115","PT","9"
"RERS2020","PT","pb101"
"RERS2020","PT","pb102"
"RERS2020","PT","pb103"
"RERS2020","PT","pb104"
"RERS2020","PT","pb105"
"RERS2020","PT","pb106"
"RERS2020","PT","pb107"
"RERS2020","PT","pb108"
"RERS2020","PT","pb109"
"ResAllocation","PT","R002C002"
"ResAllocation","PT","R003C002"
"ResAllocation","PT","R003C003"
"ResAllocation","PT","R003C005"
"ResAllocation","PT","R003C010"
"ResAllocation","PT","R003C015"
"ResAllocation","PT","R003C020"
"ResAllocation","PT","R003C050"
"ResAllocation","PT","R003C100"
"ResAllocation","PT","R005C002"
"ResAllocation","PT","R010C002"
"ResAllocation","PT","R015C002"
"ResAllocation","PT","R020C002"
"ResAllocation","PT","R050C002"
"ResAllocation","PT","R100C002"
"ResIsolation","PT","N08P1"
"ResIsolation","PT","N08P2"
"ResIsolation","PT","N08P3"
"ResIsolation","PT","N08P4"
"ResIsolation","PT","N08P5"
"ResIsolation","PT","N09P1"
"ResIsolation","PT","N09P2"
"ResIsolation","PT","N09P3"
"ResIsolation","PT","N09P4"
"ResIsolation","PT","N09P5"
"ResIsolation","PT","N10P1"
"ResIsolation","PT","N10P2"
"ResIsolation","PT","N10P3"
"ResIsolation","PT","N10P4"
"ResIsolation","PT","N11P1"
"ResIsolation","PT","N11P2"
"ResIsolation","PT","N11P3"
"ResIsolation","PT","N12P1"
"ResIsolation","PT","N12P2"
"ResIsolation","PT","N13P1"
"Ring","PT","none"
"RingSingleMessageInMbox","PT","d0m005"
"RingSingleMessageInMbox","PT","d0m010"
"RingSingleMessageInMbox","PT","d0m020"
"RingSingleMessageInMbox","PT","d0m040"
"RingSingleMessageInMbox","PT","d0m080"
"RingSingleMessageInMbox","PT","d0m160"
"RingSingleMessageInMbox","PT","d1m005"
"RingSingleMessageInMbox","PT","d1m010"
"RingSingleMessageInMbox","PT","d1m020"
"RingSingleMessageInMbox","PT","d1m040"
"RingSingleMessageInMbox","PT","d1m080"
"RingSingleMessageInMbox","PT","d1m160"
"RingSingleMessageInMbox","PT","d2m005"
"RingSingleMessageInMbox","PT","d2m010"
"RingSingleMessageInMbox","PT","d2m020"
"RingSingleMessageInMbox","PT","d2m040"
"RingSingleMessageInMbox","PT","d2m080"
"RingSingleMessageInMbox","PT","d2m160"
"RobotManipulation","PT","00001"
"RobotManipulation","PT","00002"
"RobotManipulation","PT","00005"
"RobotManipulation","PT","00010"
"RobotManipulation","PT","00020"
"RobotManipulation","PT","00050"
"RobotManipulation","PT","00100"
"RobotManipulation","PT","00200"
"RobotManipulation","PT","00500"
"RobotManipulation","PT","01000"
"RobotManipulation","PT","02000"
"RobotManipulation","PT","05000"
"RobotManipulation","PT","10000"
"RwMutex","PT","r0010w0010"
"RwMutex","PT","r0010w0020"
"RwMutex","PT","r0010w0050"
"RwMutex","PT","r0010w0100"
"RwMutex","PT","r0010w0500"
"RwMutex","PT","r0010w1000"
"RwMutex","PT","r0010w2000"
"RwMutex","PT","r0020w0010"
"RwMutex","PT","r0100w0010"
"RwMutex","PT","r0500w0010"
"RwMutex","PT","r1000w0010"
"RwMutex","PT","r2000w0010"
"SafeBus","COL","03"
"SafeBus","COL","06"
"SafeBus","COL","10"
"SafeBus","COL","15"
"SafeBus","COL","20"
"SafeBus","COL","50"
"SafeBus","COL","80"
"SafeBus","PT","03"
"SafeBus","PT","06"
"SafeBus","PT","10"
"SafeBus","PT","15"
"SafeBus","PT","20"
"SatelliteMemory","PT","X00100Y0003"
"SatelliteMemory","PT","X01000Y0032"
"SatelliteMemory","PT","X01500Y0046"
"SatelliteMemory","PT","X03000Y0094"
"SatelliteMemory","PT","X65535Y2048"
"SemanticWebServices","PT","S064P06"
"SemanticWebServices","PT","S064P09"
"SemanticWebServices","PT","S064P12"
"SemanticWebServices","PT","S064P15"
"SemanticWebServices","PT","S064P18"
"SemanticWebServices","PT","S128P06"
"SemanticWebServices","PT","S128P09"
"SemanticWebServices","PT","S128P12"
"SemanticWebServices","PT","S128P15"
"SemanticWebServices","PT","S128P18"
"SemanticWebServices","PT","S256P06"
"SemanticWebServices","PT","S256P09"
"SemanticWebServices","PT","S256P12"
"SemanticWebServices","PT","S256P15"
"SemanticWebServices","PT","S256P18"
"ServersAndClients","PT","100020"
"ServersAndClients","PT","100040"
"ServersAndClients","PT","100080"
"ServersAndClients","PT","100160"
"ServersAndClients","PT","100320"
"ServersAndClients","PT","200040"
"ServersAndClients","PT","200080"
"ServersAndClients","PT","200160"
"ServersAndClients","PT","200320"
"ServersAndClients","PT","400080"
"ServersAndClients","PT","400160"
"SharedMemory","COL","000005"
"SharedMemory","COL","000010"
"SharedMemory","COL","000020"
"SharedMemory","COL","000050"
"SharedMemory","COL","000100"
"SharedMemory","COL","000200"
"SharedMemory","COL","000500"
"SharedMemory","COL","001000"
"SharedMemory","COL","002000"
"SharedMemory","COL","005000"
"SharedMemory","COL","010000"
"SharedMemory","COL","020000"
"SharedMemory","COL","050000"
"SharedMemory","COL","100000"
"SharedMemory","PT","000005"
"SharedMemory","PT","000010"
"SharedMemory","PT","000020"
"SharedMemory","PT","000050"
"SharedMemory","PT","000100"
"SharedMemory","PT","000200"
"ShieldIIPs","PT","001A"
"ShieldIIPs","PT","001B"
"ShieldIIPs","PT","002A"
"ShieldIIPs","PT","002B"
"ShieldIIPs","PT","003A"
"ShieldIIPs","PT","003B"
"ShieldIIPs","PT","004A"
"ShieldIIPs","PT","004B"
"ShieldIIPs","PT","005A"
"ShieldIIPs","PT","005B"
"ShieldIIPs","PT","010A"
"ShieldIIPs","PT","010B"
"ShieldIIPs","PT","020A"
"ShieldIIPs","PT","020B"
"ShieldIIPs","PT","030A"
"ShieldIIPs","PT","030B"
"ShieldIIPs","PT","040A"
"ShieldIIPs","PT","040B"
"ShieldIIPs","PT","050A"
"ShieldIIPs","PT","050B"
"ShieldIIPs","PT","100A"
"ShieldIIPs","PT","100B"
"ShieldIIPt","PT","001A"
"ShieldIIPt","PT","001B"
"ShieldIIPt","PT","002A"
"ShieldIIPt","PT","002B"
"ShieldIIPt","PT","003A"
"ShieldIIPt","PT","003B"
"ShieldIIPt","PT","004A"
"ShieldIIPt","PT","004B"
"ShieldIIPt","PT","005A"
"ShieldIIPt","PT","005B"
"ShieldIIPt","PT","010A"
"ShieldIIPt","PT","010B"
"ShieldIIPt","PT","020A"
"ShieldIIPt","PT","020B"
"ShieldIIPt","PT","030A"
"ShieldIIPt","PT","030B"
"ShieldIIPt","PT","040A"
"ShieldIIPt","PT","040B"
"ShieldIIPt","PT","050A"
"ShieldIIPt","PT","050B"
"ShieldIIPt","PT","100A"
"ShieldIIPt","PT","100B"
"ShieldPPPs","PT","001A"
"ShieldPPPs","PT","001B"
"ShieldPPPs","PT","002A"
"ShieldPPPs","PT","002B"
"ShieldPPPs","PT","003A"
"ShieldPPPs","PT","003B"
"ShieldPPPs","PT","004A"
"ShieldPPPs","PT","004B"
"ShieldPPPs","PT","005A"
"ShieldPPPs","PT","005B"
"ShieldPPPs","PT","010A"
"ShieldPPPs","PT","010B"
"ShieldPPPs","PT","020A"
"ShieldPPPs","PT","020B"
"ShieldPPPs","PT","030A"
"ShieldPPPs","PT","030B"
"ShieldPPPs","PT","040A"
"ShieldPPPs","PT","040B"
"ShieldPPPs","PT","050A"
"ShieldPPPs","PT","050B"
"ShieldPPPs","PT","100A"
"ShieldPPPs","PT","100B"
"ShieldPPPt","PT","001A"
"ShieldPPPt","PT","001B"
"ShieldPPPt","PT","002A"
"ShieldPPPt","PT","002B"
"ShieldPPPt","PT","003A"
"ShieldPPPt","PT","003B"
"ShieldPPPt","PT","004A"
"ShieldPPPt","PT","004B"
"ShieldPPPt","PT","005A"
"ShieldPPPt","PT","005B"
"ShieldPPPt","PT","010A"
"ShieldPPPt","PT","010B"
"ShieldPPPt","PT","020A"
"ShieldPPPt","PT","020B"
"ShieldPPPt","PT","030A"
"ShieldPPPt","PT","030B"
"ShieldPPPt","PT","040A"
"ShieldPPPt","PT","040B"
"ShieldPPPt","PT","050A"
"ShieldPPPt","PT","050B"
"ShieldPPPt","PT","100A"
"ShieldPPPt","PT","100B"
"ShieldRVs","PT","001A"
"ShieldRVs","PT","001B"
"ShieldRVs","PT","002A"
"ShieldRVs","PT","002B"
"ShieldRVs","PT","003A"
"ShieldRVs","PT","003B"
"ShieldRVs","PT","004A"
"ShieldRVs","PT","004B"
"ShieldRVs","PT","005A"
"ShieldRVs","PT","005B"
"ShieldRVs","PT","010A"
"ShieldRVs","PT","010B"
"ShieldRVs","PT","020A"
"ShieldRVs","PT","020B"
"ShieldRVs","PT","030A"
"ShieldRVs","PT","030B"
"ShieldRVs","PT","040A"
"ShieldRVs","PT","040B"
"ShieldRVs","PT","050A"
"ShieldRVs","PT","050B"
"ShieldRVs","PT","100A"
"ShieldRVs","PT","100B"
"ShieldRVt","PT","001A"
"ShieldRVt","PT","001B"
"ShieldRVt","PT","002A"
"ShieldRVt","PT","002B"
"ShieldRVt","PT","003A"
"ShieldRVt","PT","003B"
"ShieldRVt","PT","004A"
"ShieldRVt","PT","004B"
"ShieldRVt","PT","005A"
"ShieldRVt","PT","005B"
"ShieldRVt","PT","010A"
"ShieldRVt","PT","010B"
"ShieldRVt","PT","020A"
"ShieldRVt","PT","020B"
"ShieldRVt","PT","030A"
"ShieldRVt","PT","030B"
"ShieldRVt","PT","040A"
"ShieldRVt","PT","040B"
"ShieldRVt","PT","050A"
"ShieldRVt","PT","050B"
"ShieldRVt","PT","100A"
"ShieldRVt","PT","100B"
"SieveSingleMsgMbox","PT","d0m04"
"SieveSingleMsgMbox","PT","d0m06"
"SieveSingleMsgMbox","PT","d0m18"
"SieveSingleMsgMbox","PT","d0m36"
"SieveSingleMsgMbox","PT","d0m64"
"SieveSingleMsgMbox","PT","d0m96"
"SieveSingleMsgMbox","PT","d1m04"
"SieveSingleMsgMbox","PT","d1m06"
"SieveSingleMsgMbox","PT","d1m18"
"SieveSingleMsgMbox","PT","d1m36"
"SieveSingleMsgMbox","PT","d1m64"
"SieveSingleMsgMbox","PT","d1m96"
"SieveSingleMsgMbox","PT","d2m04"
"SieveSingleMsgMbox","PT","d2m06"
"SieveSingleMsgMbox","PT","d2m18"
"SieveSingleMsgMbox","PT","d2m36"
"SieveSingleMsgMbox","PT","d2m64"
"SieveSingleMsgMbox","PT","d2m96"
"SimpleLoadBal","PT","02"
"SimpleLoadBal","PT","05"
"SimpleLoadBal","PT","10"
"SimpleLoadBal","PT","15"
"SimpleLoadBal","PT","20"
"SmallOperatingSystem","PT","MT0016DC0008"
"SmallOperatingSystem","PT","MT0032DC0008"
"SmallOperatingSystem","PT","MT0032DC0016"
"SmallOperatingSystem","PT","MT0064DC0016"
"SmallOperatingSystem","PT","MT0064DC0032"
"SmallOperatingSystem","PT","MT0128DC0032"
"SmallOperatingSystem","PT","MT0128DC0064"
"SmallOperatingSystem","PT","MT0256DC0064"
"SmallOperatingSystem","PT","MT0256DC0128"
"SmallOperatingSystem","PT","MT0512DC0128"
"SmallOperatingSystem","PT","MT0512DC0256"
"SmallOperatingSystem","PT","MT1024DC0256"
"SmallOperatingSystem","PT","MT1024DC0512"
"SmallOperatingSystem","PT","MT2048DC0512"
"SmallOperatingSystem","PT","MT2048DC1024"
"SmallOperatingSystem","PT","MT4096DC1024"
"SmallOperatingSystem","PT","MT4096DC2048"
"SmallOperatingSystem","PT","MT8192DC2048"
"SmallOperatingSystem","PT","MT8192DC4096"
"SmartHome","PT","01"
"SmartHome","PT","02"
"SmartHome","PT","03"
"SmartHome","PT","04"
"SmartHome","PT","05"
"SmartHome","PT","06"
"SmartHome","PT","07"
"SmartHome","PT","08"
"SmartHome","PT","09"
"SmartHome","PT","10"
"SmartHome","PT","11"
"SmartHome","PT","12"
"SmartHome","PT","13"
"SmartHome","PT","14"
"SmartHome","PT","15"
"SmartHome","PT","16"
"SmartHome","PT","17"
"SmartHome","PT","18"
"SmartHome","PT","19"
"Solitaire","PT","EngCT7x7"
"Solitaire","PT","EngNC7x7"
"Solitaire","PT","FrnCT7x7"
"Solitaire","PT","FrnNC7x7"
"Solitaire","PT","SqrCT5x5"
"Solitaire","PT","SqrNC5x5"
"SquareGrid","PT","020102"
"SquareGrid","PT","040204"
"SquareGrid","PT","080408"
"SquareGrid","PT","100510"
"SquareGrid","PT","130613"
"StigmergyCommit","PT","02a"
"StigmergyCommit","PT","02b"
"StigmergyCommit","PT","03a"
"StigmergyCommit","PT","03b"
"StigmergyCommit","PT","04a"
"StigmergyCommit","PT","04b"
"StigmergyCommit","PT","05a"
"StigmergyCommit","PT","05b"
"StigmergyCommit","PT","06a"
"StigmergyCommit","PT","06b"
"StigmergyCommit","PT","07a"
"StigmergyCommit","PT","07b"
"StigmergyCommit","PT","08a"
"StigmergyCommit","PT","08b"
"StigmergyCommit","PT","09a"
"StigmergyCommit","PT","09b"
"StigmergyCommit","PT","10a"
"StigmergyCommit","PT","10b"
"StigmergyCommit","PT","11a"
"StigmergyCommit","PT","11b"
"StigmergyElection","PT","02a"
"StigmergyElection","PT","02b"
"StigmergyElection","PT","03a"
"StigmergyElection","PT","03b"
"StigmergyElection","PT","04a"
"StigmergyElection","PT","04b"
"StigmergyElection","PT","05a"
"StigmergyElection","PT","05b"
"StigmergyElection","PT","06a"
"StigmergyElection","PT","06b"
"StigmergyElection","PT","07a"
"StigmergyElection","PT","07b"
"StigmergyElection","PT","08a"
"StigmergyElection","PT","08b"
"StigmergyElection","PT","09a"
"StigmergyElection","PT","09b"
"StigmergyElection","PT","10a"
"StigmergyElection","PT","10b"
"StigmergyElection","PT","11a"
"StigmergyElection","PT","11b"
"Sudoku","COL","AN01"
"Sudoku","COL","AN02"
"Sudoku","COL","AN03"
"Sudoku","COL","AN04"
"Sudoku","COL","AN05"
"Sudoku","COL","AN06"
"Sudoku","COL","AN07"
"Sudoku","COL","AN08"
"Sudoku","COL","AN09"
"Sudoku","COL","AN10"
"Sudoku","COL","AN11"
"Sudoku","COL","AN12"
"Sudoku","COL","AN13"
"Sudoku","COL","AN14"
"Sudoku","COL","AN15"
"Sudoku","COL","AN16"
"Sudoku","COL","BN01"
"Sudoku","COL","BN04"
"Sudoku","COL","BN09"
"Sudoku","COL","BN16"
"Sudoku","PT","AN01"
"Sudoku","PT","AN02"
"Sudoku","PT","AN03"
"Sudoku","PT","AN04"
"Sudoku","PT","AN05"
"Sudoku","PT","AN06"
"Sudoku","PT","AN07"
"Sudoku","PT","AN08"
"Sudoku","PT","AN09"
"Sudoku","PT","AN10"
"Sudoku","PT","AN11"
"Sudoku","PT","AN12"
"Sudoku","PT","AN13"
"Sudoku","PT","AN14"
"Sudoku","PT","AN15"
"Sudoku","PT","AN16"
"Sudoku","PT","BN01"
"Sudoku","PT","BN04"
"Sudoku","PT","BN09"
"Sudoku","PT","BN16"
"SwimmingPool","PT","01"
"SwimmingPool","PT","02"
"SwimmingPool","PT","03"
"SwimmingPool","PT","04"
"SwimmingPool","PT","05"
"SwimmingPool","PT","06"
"SwimmingPool","PT","07"
"SwimmingPool","PT","08"
"SwimmingPool","PT","09"
"SwimmingPool","PT","10"
"Szymanski","PT","a02"
"Szymanski","PT","a04"
"Szymanski","PT","a06"
"Szymanski","PT","a08"
"Szymanski","PT","a10"
"Szymanski","PT","a12"
"Szymanski","PT","b02"
"Szymanski","PT","b04"
"Szymanski","PT","b06"
"Szymanski","PT","b08"
"Szymanski","PT","b10"
"Szymanski","PT","b12"
"TCPcondis","PT","05"
"TCPcondis","PT","10"
"TCPcondis","PT","15"
"TCPcondis","PT","20"
"TCPcondis","PT","25"
"TCPcondis","PT","30"
"TCPcondis","PT","35"
"TCPcondis","PT","40"
"TCPcondis","PT","50"
"TokenRing","COL","005"
"TokenRing","COL","010"
"TokenRing","COL","015"
"TokenRing","COL","020"
"TokenRing","COL","030"
"TokenRing","COL","040"
"TokenRing","COL","050"
"TokenRing","COL","100"
"TokenRing","COL","200"
"TokenRing","COL","500"
"TokenRing","PT","005"
"TokenRing","PT","010"
"TokenRing","PT","015"
"TokenRing","PT","020"
"TokenRing","PT","030"
"TokenRing","PT","040"
"TokenRing","PT","050"
"TriangularGrid","PT","1200"
"TriangularGrid","PT","1500"
"TriangularGrid","PT","2011"
"TriangularGrid","PT","3011"
"TriangularGrid","PT","3026"
"TriangularGrid","PT","4022"
"TriangularGrid","PT","5020"
"TriangularGrid","PT","5046"
"TwoPhaseLocking","PT","nC00004vD"
"TwoPhaseLocking","PT","nC00004vN"
"TwoPhaseLocking","PT","nC00010vD"
"TwoPhaseLocking","PT","nC00010vN"
"TwoPhaseLocking","PT","nC00020vD"
"TwoPhaseLocking","PT","nC00020vN"
"TwoPhaseLocking","PT","nC00050vD"
"TwoPhaseLocking","PT","nC00050vN"
"TwoPhaseLocking","PT","nC00100vD"
"TwoPhaseLocking","PT","nC00100vN"
"TwoPhaseLocking","PT","nC00200vD"
"TwoPhaseLocking","PT","nC00200vN"
"TwoPhaseLocking","PT","nC00500vD"
"TwoPhaseLocking","PT","nC00500vN"
"TwoPhaseLocking","PT","nC01000vD"
"TwoPhaseLocking","PT","nC01000vN"
"TwoPhaseLocking","PT","nC02000vD"
"TwoPhaseLocking","PT","nC02000vN"
"TwoPhaseLocking","PT","nC05000vD"
"TwoPhaseLocking","PT","nC05000vN"
"TwoPhaseLocking","PT","nC10000vD"
"TwoPhaseLocking","PT","nC10000vN"
"UtahNoC","PT","none"
"UtilityControlRoom","COL","Z2T3N04"
"UtilityControlRoom","COL","Z2T3N06"
"UtilityControlRoom","COL","Z2T3N08"
"UtilityControlRoom","COL","Z2T3N10"
"UtilityControlRoom","COL","Z2T4N02"
"UtilityControlRoom","COL","Z2T4N04"
"UtilityControlRoom","COL","Z2T4N06"
"UtilityControlRoom","COL","Z2T4N08"
"UtilityControlRoom","COL","Z2T4N10"
"UtilityControlRoom","COL","Z4T3N06"
"UtilityControlRoom","COL","Z4T3N08"
"UtilityControlRoom","COL","Z4T3N10"
"UtilityControlRoom","COL","Z4T4N02"
"UtilityControlRoom","COL","Z4T4N04"
"UtilityControlRoom","COL","Z4T4N06"
"UtilityControlRoom","COL","Z4T4N08"
"UtilityControlRoom","COL","Z4T4N10"
"UtilityControlRoom","PT","Z2T3N04"
"UtilityControlRoom","PT","Z2T3N06"
"UtilityControlRoom","PT","Z2T3N08"
"UtilityControlRoom","PT","Z2T3N10"
"UtilityControlRoom","PT","Z2T4N02"
"UtilityControlRoom","PT","Z2T4N04"
"UtilityControlRoom","PT","Z2T4N06"
"UtilityControlRoom","PT","Z2T4N08"
"UtilityControlRoom","PT","Z2T4N10"
"UtilityControlRoom","PT","Z4T3N06"
"UtilityControlRoom","PT","Z4T3N08"
"UtilityControlRoom","PT","Z4T3N10"
"UtilityControlRoom","PT","Z4T4N02"
"UtilityControlRoom","PT","Z4T4N04"
"UtilityControlRoom","PT","Z4T4N06"
"UtilityControlRoom","PT","Z4T4N08"
"UtilityControlRoom","PT","Z4T4N10"
"Vasy2003","PT","none"
"VehicularWifi","COL","none"
"ViralEpidemic","PT","S02D1C1A10"
"ViralEpidemic","PT","S02D1C1A12"
"ViralEpidemic","PT","S03D1C1A02"
"ViralEpidemic","PT","S03D1C1A04"
"ViralEpidemic","PT","S03D1C1A06"
"ViralEpidemic","PT","S03D1C1A08"
"ViralEpidemic","PT","S04D1C1A02"
"ViralEpidemic","PT","S04D1C1A03"
"ViralEpidemic","PT","S04D1C1A04"
"ViralEpidemic","PT","S04D1C1A06"
"ViralEpidemic","PT","S08D1C2A02"
"ViralEpidemic","PT","S08D1C2A04"
"ViralEpidemic","PT","S16D2C4A01"
"ViralEpidemic","PT","S16D2C4A02"
"ViralEpidemic","PT","S16D2C4A03"
"Champagne","PT","H04T0R"
"Champagne","PT","H04T1U"
"Champagne","PT","H04T2O"
"Champagne","PT","H05T0R"
"Champagne","PT","H05T1U"
"Champagne","PT","H05T2O"
"Champagne","PT","H06T0R"
"Champagne","PT","H06T1U"
"Champagne","PT","H06T2O"
"Champagne","PT","H07T0R"
"Champagne","PT","H07T1U"
"Champagne","PT","H07T2O"
"Champagne","PT","H08T0R"
"Champagne","PT","H08T1U"
"Champagne","PT","H08T2O"
"Champagne","PT","H09T0R"
"Champagne","PT","H09T1U"
"Champagne","PT","H09T2O"
"Champagne","PT","H10T0R"
"Champagne","PT","H10T1U"
"Champagne","PT","H10T2O"
"CopsAndRobbers","PT","CRL005X001"
"CopsAndRobbers","PT","CRL015X005"
"CopsAndRobbers","PT","CRL023X004"
"CopsAndRobbers","PT","CRL025X003"
"CopsAndRobbers","PT","HRL014X002"
"CopsAndRobbers","PT","HRL017X005"
"CopsAndRobbers","PT","HRL020X006"
"CopsAndRobbers","PT","HRL023X006"
"CopsAndRobbers","PT","KFL010N005K002X001"
"CopsAndRobbers","PT","KFL028N008K002X005"
"CopsAndRobbers","PT","KFL036N009K002X003"
"CopsAndRobbers","PT","KFL084N009K003X002"
"ErlangenMainframeV0","PT","0404"
"ErlangenMainframeV0","PT","0505"
"ErlangenMainframeV0","PT","0606"
"ErlangenMainframeV0","PT","0707"
"ErlangenMainframeV0","PT","0808"
"ErlangenMainframeV0","PT","0909"
"ErlangenMainframeV0","PT","1005"
"ErlangenMainframeV0","PT","1006"
"ErlangenMainframeV0","PT","1007"
"ErlangenMainframeV0","PT","1008"
"ErlangenMainframeV0","PT","1104"
"ErlangenMainframeV0","PT","1105"
"ErlangenMainframeV0","PT","1106"
"ErlangenMainframeV0","PT","1201"
"ErlangenMainframeV0","PT","1202"
"ErlangenMainframeV0","PT","1203"
"ErlangenMainframeV0","PT","1204"
"ErlangenMainframeV0","PT","1301"
"ErlangenMainframeV0","PT","1302"
"ErlangenMainframeV0","PT","1400"
"MedleyB","PT","B01"
"MedleyB","PT","B02"
"MedleyB","PT","B03"
"MedleyB","PT","B04"
"MedleyB","PT","B05"
"MedleyB","PT","B06"
"MedleyB","PT","B07"
"MedleyB","PT","B08"
"MedleyB","PT","B09"
"MedleyB","PT","B10"
"MedleyB","PT","B11"
"MedleyB","PT","B12"
"MedleyB","PT","B13"
"ZombiesAndSurvivors","PT","Circular01005005"
"ZombiesAndSurvivors","PT","Circular04100100"
"ZombiesAndSurvivors","PT","Circular32050050"
"ZombiesAndSurvivors","PT","Circular64010010"
"ZombiesAndSurvivors","PT","Circular8100100"
"ZombiesAndSurvivors","PT","Heawood140505"
"ZombiesAndSurvivors","PT","Heawood14600"
"ZombiesAndSurvivors","PT","Heawood172525"
"ZombiesAndSurvivors","PT","Heawood175050"
"ZombiesAndSurvivors","PT","Heawood381515"
"ZombiesAndSurvivors","PT","Kneser210702005005"
"ZombiesAndSurvivors","PT","Kneser210702060060"
"ZombiesAndSurvivors","PT","Kneser210702080080"
"ZombiesAndSurvivors","PT","Kneser350703060060"
"ZombiesAndSurvivors","PT","Kneser350703100100"
