Index,ModelFamily,ModelType,ModelInstance,Examination,ID,Consensus,Solutions,Nupn,FormulaType
1,ARMCacheCoherence,PT,none,ReachabilityDeadlock,00,FALSE,3,NUPN,INV
2,AirplaneLD,PT,0010,ReachabilityDeadlock,00,TRUE,3,GEN,CEX
3,AirplaneLD,PT,0020,ReachabilityDeadlock,00,TRUE,3,GEN,CEX
4,AirplaneLD,PT,0050,ReachabilityDeadlock,00,TRUE,3,GEN,CEX
5,AirplaneLD,PT,0100,ReachabilityDeadlock,00,TRUE,3,GEN,CEX
6,AirplaneLD,PT,0200,ReachabilityDeadlock,00,TRUE,3,GEN,CEX
7,Angiogenesis,PT,01,ReachabilityDeadlock,00,TRUE,3,GEN,CEX
8,Angiogenesis,PT,05,ReachabilityDeadlock,00,TRUE,3,NONE,CEX
9,Angiogenesis,PT,10,ReachabilityDeadlock,00,TRUE,3,NONE,CEX
10,Angiogenesis,PT,15,ReachabilityDeadlock,00,TRUE,3,NONE,CEX
11,AutoFlight,PT,01a,ReachabilityDeadlock,00,TRUE,3,NUPN,CEX
12,AutoFlight,PT,01b,ReachabilityDeadlock,00,TRUE,3,NUPN,CEX
13,AutoFlight,PT,02a,ReachabilityDeadlock,00,TRUE,3,NUPN,CEX
14,AutoFlight,PT,02b,ReachabilityDeadlock,00,TRUE,3,NUPN,CEX
15,AutoFlight,PT,03a,ReachabilityDeadlock,00,TRUE,3,NUPN,CEX
16,AutoFlight,PT,03b,ReachabilityDeadlock,00,TRUE,3,NUPN,CEX
17,AutoFlight,PT,04a,ReachabilityDeadlock,00,TRUE,3,NUPN,CEX
18,AutoFlight,PT,05a,ReachabilityDeadlock,00,TRUE,3,NUPN,CEX
19,AutoFlight,PT,06a,ReachabilityDeadlock,00,TRUE,3,NUPN,CEX
20,AutoFlight,PT,12a,ReachabilityDeadlock,00,TRUE,3,NUPN,CEX
21,BART,PT,002,ReachabilityDeadlock,00,FALSE,3,GEN,INV
22,BridgeAndVehicles,PT,V04P05N02,ReachabilityDeadlock,00,TRUE,3,NONE,CEX
23,BridgeAndVehicles,PT,V10P10N10,ReachabilityDeadlock,00,TRUE,3,NONE,CEX
24,BridgeAndVehicles,PT,V20P20N20,ReachabilityDeadlock,00,TRUE,3,NONE,CEX
25,CSRepetitions,PT,02,ReachabilityDeadlock,00,TRUE,3,NONE,CEX
26,CSRepetitions,PT,03,ReachabilityDeadlock,00,TRUE,3,NONE,CEX
27,CircadianClock,PT,000001,ReachabilityDeadlock,00,FALSE,3,GEN,INV
28,CircadianClock,PT,000010,ReachabilityDeadlock,00,FALSE,3,NONE,INV
29,CircadianClock,PT,000100,ReachabilityDeadlock,00,FALSE,3,NONE,INV
30,CircularTrains,PT,012,ReachabilityDeadlock,00,FALSE,3,NONE,INV
31,CircularTrains,PT,024,ReachabilityDeadlock,00,FALSE,3,NONE,INV
32,CircularTrains,PT,048,ReachabilityDeadlock,00,FALSE,3,NONE,INV
33,CircularTrains,PT,096,ReachabilityDeadlock,00,FALSE,3,NONE,INV
34,ClientsAndServers,PT,N0001P0,ReachabilityDeadlock,00,TRUE,3,NONE,CEX
35,ClientsAndServers,PT,N0002P0,ReachabilityDeadlock,00,TRUE,3,NONE,CEX
36,ClientsAndServers,PT,N0002P1,ReachabilityDeadlock,00,FALSE,3,NONE,INV
37,ClientsAndServers,PT,N0005P0,ReachabilityDeadlock,00,TRUE,3,NONE,CEX
38,ClientsAndServers,PT,N0005P1,ReachabilityDeadlock,00,TRUE,3,NONE,CEX
39,ClientsAndServers,PT,N0010P0,ReachabilityDeadlock,00,TRUE,3,NONE,CEX
40,ClientsAndServers,PT,N0010P1,ReachabilityDeadlock,00,TRUE,3,NONE,CEX
41,ClientsAndServers,PT,N0010P2,ReachabilityDeadlock,00,TRUE,3,NONE,CEX
42,ClientsAndServers,PT,N0020P0,ReachabilityDeadlock,00,TRUE,3,NONE,CEX
43,ClientsAndServers,PT,N0020P1,ReachabilityDeadlock,00,TRUE,3,NONE,CEX
44,ClientsAndServers,PT,N0020P2,ReachabilityDeadlock,00,TRUE,3,NONE,CEX
45,ClientsAndServers,PT,N0020P3,ReachabilityDeadlock,00,TRUE,3,NONE,CEX
46,ClientsAndServers,PT,N0020P4,ReachabilityDeadlock,00,TRUE,3,NONE,CEX
47,CloudDeployment,PT,2a,ReachabilityDeadlock,00,TRUE,3,NUPN,CEX
48,CloudDeployment,PT,3a,ReachabilityDeadlock,00,TRUE,3,NUPN,CEX
49,CloudDeployment,PT,4a,ReachabilityDeadlock,00,TRUE,3,NUPN,CEX
50,CloudDeployment,PT,5a,ReachabilityDeadlock,00,TRUE,3,NUPN,CEX
51,CloudDeployment,PT,6a,ReachabilityDeadlock,00,TRUE,3,NUPN,CEX
52,CloudDeployment,PT,7a,ReachabilityDeadlock,00,TRUE,3,NUPN,CEX
53,CloudReconfiguration,PT,317,ReachabilityDeadlock,00,TRUE,3,NUPN,CEX
54,CloudReconfiguration,PT,319,ReachabilityDeadlock,00,TRUE,3,NUPN,CEX
55,CloudReconfiguration,PT,320,ReachabilityDeadlock,00,TRUE,3,NUPN,CEX
56,DES,PT,00a,ReachabilityDeadlock,00,TRUE,3,NUPN,CEX
57,DES,PT,00b,ReachabilityDeadlock,00,TRUE,3,NUPN,CEX
58,DES,PT,01a,ReachabilityDeadlock,00,TRUE,3,NUPN,CEX
59,DES,PT,01b,ReachabilityDeadlock,00,TRUE,3,NUPN,CEX
60,DES,PT,02a,ReachabilityDeadlock,00,TRUE,3,NUPN,CEX
61,DES,PT,02b,ReachabilityDeadlock,00,TRUE,3,NUPN,CEX
62,DES,PT,05a,ReachabilityDeadlock,00,TRUE,3,NUPN,CEX
63,DES,PT,05b,ReachabilityDeadlock,00,TRUE,3,NUPN,CEX
64,DES,PT,10a,ReachabilityDeadlock,00,TRUE,3,NUPN,CEX
65,DES,PT,10b,ReachabilityDeadlock,00,TRUE,3,NUPN,CEX
66,DES,PT,20a,ReachabilityDeadlock,00,TRUE,3,NUPN,CEX
67,DES,PT,20b,ReachabilityDeadlock,00,TRUE,3,NUPN,CEX
68,DES,PT,30a,ReachabilityDeadlock,00,TRUE,3,NUPN,CEX
69,DES,PT,30b,ReachabilityDeadlock,00,TRUE,3,NUPN,CEX
70,DES,PT,40a,ReachabilityDeadlock,00,TRUE,3,NUPN,CEX
71,DES,PT,40b,ReachabilityDeadlock,00,TRUE,3,NUPN,CEX
72,DES,PT,50a,ReachabilityDeadlock,00,TRUE,3,NUPN,CEX
73,DES,PT,50b,ReachabilityDeadlock,00,TRUE,3,NUPN,CEX
74,DES,PT,60a,ReachabilityDeadlock,00,TRUE,3,NUPN,CEX
75,DES,PT,60b,ReachabilityDeadlock,00,TRUE,3,NUPN,CEX
76,DLCround,PT,03a,ReachabilityDeadlock,00,FALSE,3,NUPN,INV
77,DLCround,PT,04a,ReachabilityDeadlock,00,FALSE,3,NUPN,INV
78,DLCround,PT,05a,ReachabilityDeadlock,00,FALSE,3,NUPN,INV
79,DLCround,PT,06a,ReachabilityDeadlock,00,FALSE,3,NUPN,INV
80,DLCround,PT,07a,ReachabilityDeadlock,00,FALSE,3,NUPN,INV
81,DLCround,PT,08a,ReachabilityDeadlock,00,FALSE,3,NUPN,INV
82,DLCround,PT,09a,ReachabilityDeadlock,00,FALSE,3,NUPN,INV
83,DLCround,PT,10a,ReachabilityDeadlock,00,FALSE,3,NUPN,INV
84,DLCround,PT,11a,ReachabilityDeadlock,00,FALSE,3,NUPN,INV
85,DLCround,PT,12a,ReachabilityDeadlock,00,FALSE,3,NUPN,INV
86,DLCround,PT,13a,ReachabilityDeadlock,00,FALSE,3,NUPN,INV
87,DLCshifumi,PT,2a,ReachabilityDeadlock,00,FALSE,3,NUPN,INV
88,DLCshifumi,PT,3a,ReachabilityDeadlock,00,FALSE,3,NUPN,INV
89,DNAwalker,PT,01track12Block1,ReachabilityDeadlock,00,TRUE,3,NONE,CEX
90,DNAwalker,PT,02track12Block2,ReachabilityDeadlock,00,TRUE,3,NONE,CEX
91,DNAwalker,PT,03track12BlockBoth,ReachabilityDeadlock,00,TRUE,3,NONE,CEX
92,DNAwalker,PT,04track28LL,ReachabilityDeadlock,00,TRUE,3,NONE,CEX
93,DNAwalker,PT,05track28LR,ReachabilityDeadlock,00,TRUE,3,NONE,CEX
94,DNAwalker,PT,06track28RL,ReachabilityDeadlock,00,TRUE,3,NONE,CEX
95,DNAwalker,PT,07track28RR,ReachabilityDeadlock,00,TRUE,3,NONE,CEX
96,DNAwalker,PT,08ringLL,ReachabilityDeadlock,00,FALSE,3,NONE,INV
97,DNAwalker,PT,09ringLR,ReachabilityDeadlock,00,FALSE,3,NONE,INV
98,DNAwalker,PT,10ringRL,ReachabilityDeadlock,00,FALSE,3,NONE,INV
99,DNAwalker,PT,11ringRR,ReachabilityDeadlock,00,FALSE,3,NONE,INV
100,DNAwalker,PT,12ringLLLarge,ReachabilityDeadlock,00,FALSE,3,NONE,INV
101,DNAwalker,PT,13ringRLLarge,ReachabilityDeadlock,00,FALSE,3,NONE,INV
102,DNAwalker,PT,14ringLRLarge,ReachabilityDeadlock,00,FALSE,3,NONE,INV
103,DNAwalker,PT,15ringRRLarge,ReachabilityDeadlock,00,FALSE,3,NONE,INV
104,DNAwalker,PT,16redondantChoiceR,ReachabilityDeadlock,00,TRUE,3,NONE,CEX
105,DNAwalker,PT,17redondantChoiceL,ReachabilityDeadlock,00,TRUE,3,NONE,CEX
106,DatabaseWithMutex,PT,02,ReachabilityDeadlock,00,FALSE,3,GEN,INV
107,DatabaseWithMutex,PT,04,ReachabilityDeadlock,00,FALSE,3,GEN,INV
108,Dekker,PT,010,ReachabilityDeadlock,00,FALSE,3,GEN,INV
109,Dekker,PT,015,ReachabilityDeadlock,00,FALSE,3,GEN,INV
110,Diffusion2D,PT,D05N010,ReachabilityDeadlock,00,FALSE,3,NONE,INV
111,Diffusion2D,PT,D05N050,ReachabilityDeadlock,00,FALSE,3,NONE,INV
112,Diffusion2D,PT,D05N100,ReachabilityDeadlock,00,FALSE,3,NONE,INV
113,Diffusion2D,PT,D10N010,ReachabilityDeadlock,00,FALSE,3,NONE,INV
114,Diffusion2D,PT,D10N050,ReachabilityDeadlock,00,FALSE,3,NONE,INV
115,Diffusion2D,PT,D20N010,ReachabilityDeadlock,00,FALSE,3,NONE,INV
116,DrinkVendingMachine,PT,02,ReachabilityDeadlock,00,FALSE,3,NONE,INV
117,ERK,PT,000001,ReachabilityDeadlock,00,FALSE,3,GEN,INV
118,ERK,PT,000010,ReachabilityDeadlock,00,FALSE,3,NONE,INV
119,ERK,PT,000100,ReachabilityDeadlock,00,FALSE,3,NONE,INV
120,Eratosthenes,PT,010,ReachabilityDeadlock,00,TRUE,3,NONE,CEX
121,Eratosthenes,PT,020,ReachabilityDeadlock,00,TRUE,3,NONE,CEX
122,Eratosthenes,PT,050,ReachabilityDeadlock,00,TRUE,3,NONE,CEX
123,Eratosthenes,PT,100,ReachabilityDeadlock,00,TRUE,3,NONE,CEX
124,Eratosthenes,PT,200,ReachabilityDeadlock,00,TRUE,3,NONE,CEX
125,Eratosthenes,PT,500,ReachabilityDeadlock,00,TRUE,3,NONE,CEX
126,FMS,PT,002,ReachabilityDeadlock,00,FALSE,3,NONE,INV
127,FMS,PT,005,ReachabilityDeadlock,00,FALSE,3,NONE,INV
128,FMS,PT,010,ReachabilityDeadlock,00,FALSE,3,NONE,INV
129,FMS,PT,020,ReachabilityDeadlock,00,FALSE,3,NONE,INV
130,FMS,PT,050,ReachabilityDeadlock,00,FALSE,3,NONE,INV
131,FMS,PT,100,ReachabilityDeadlock,00,FALSE,3,NONE,INV
132,FlexibleBarrier,PT,04a,ReachabilityDeadlock,00,FALSE,3,NUPN,INV
133,FlexibleBarrier,PT,04b,ReachabilityDeadlock,00,TRUE,3,NUPN,CEX
134,FlexibleBarrier,PT,06a,ReachabilityDeadlock,00,FALSE,3,NUPN,INV
135,FlexibleBarrier,PT,08a,ReachabilityDeadlock,00,FALSE,3,NUPN,INV
136,FlexibleBarrier,PT,10a,ReachabilityDeadlock,00,FALSE,3,NUPN,INV
137,FlexibleBarrier,PT,12a,ReachabilityDeadlock,00,FALSE,3,NUPN,INV
138,FlexibleBarrier,PT,14a,ReachabilityDeadlock,00,FALSE,3,NUPN,INV
139,GPPP,PT,C0001N0000000001,ReachabilityDeadlock,00,FALSE,3,NONE,INV
140,GPPP,PT,C0001N0000000010,ReachabilityDeadlock,00,FALSE,3,NONE,INV
141,GPPP,PT,C0001N0000000100,ReachabilityDeadlock,00,FALSE,3,NONE,INV
142,GPPP,PT,C0010N0000000010,ReachabilityDeadlock,00,TRUE,3,NONE,CEX
143,GPPP,PT,C0010N0000000100,ReachabilityDeadlock,00,TRUE,3,NONE,CEX
144,GPPP,PT,C0100N0000000010,ReachabilityDeadlock,00,TRUE,3,NONE,CEX
145,GPPP,PT,C1000N0000000010,ReachabilityDeadlock,00,TRUE,3,NONE,CEX
146,GlobalResAllocation,PT,03,ReachabilityDeadlock,00,FALSE,3,NONE,INV
147,GlobalResAllocation,PT,05,ReachabilityDeadlock,00,FALSE,3,NONE,INV
148,HexagonalGrid,PT,110,ReachabilityDeadlock,00,FALSE,3,NONE,INV
149,HexagonalGrid,PT,126,ReachabilityDeadlock,00,FALSE,3,NONE,INV
150,HouseConstruction,PT,002,ReachabilityDeadlock,00,TRUE,3,NONE,CEX
151,HouseConstruction,PT,005,ReachabilityDeadlock,00,TRUE,3,NONE,CEX
152,HouseConstruction,PT,010,ReachabilityDeadlock,00,TRUE,3,NONE,CEX
153,HouseConstruction,PT,020,ReachabilityDeadlock,00,TRUE,3,NONE,CEX
154,HypertorusGrid,PT,d2k1p8b00,ReachabilityDeadlock,00,FALSE,3,NONE,INV
155,HypertorusGrid,PT,d2k2p1b00,ReachabilityDeadlock,00,TRUE,3,NONE,CEX
156,IBM319,PT,none,ReachabilityDeadlock,00,TRUE,3,GEN,CEX
157,IBM5964,PT,none,ReachabilityDeadlock,00,TRUE,3,NONE,CEX
158,IBM703,PT,none,ReachabilityDeadlock,00,TRUE,3,GEN,CEX
159,IBMB2S565S3960,PT,none,ReachabilityDeadlock,00,TRUE,3,NONE,CEX
160,IOTPpurchase,PT,C01M01P01D01,ReachabilityDeadlock,00,FALSE,3,GEN,INV
161,IOTPpurchase,PT,C03M03P03D03,ReachabilityDeadlock,00,FALSE,3,NONE,INV
162,IOTPpurchase,PT,C05M04P03D02,ReachabilityDeadlock,00,FALSE,3,NONE,INV
163,IOTPpurchase,PT,C12M10P15D17,ReachabilityDeadlock,00,FALSE,3,NONE,INV
164,JoinFreeModules,PT,0003,ReachabilityDeadlock,00,FALSE,3,NONE,INV
165,JoinFreeModules,PT,0004,ReachabilityDeadlock,00,TRUE,3,NONE,CEX
166,JoinFreeModules,PT,0005,ReachabilityDeadlock,00,TRUE,3,NONE,CEX
167,JoinFreeModules,PT,0010,ReachabilityDeadlock,00,FALSE,3,NONE,INV
168,Kanban,PT,0005,ReachabilityDeadlock,00,FALSE,3,NONE,INV
169,Kanban,PT,0010,ReachabilityDeadlock,00,FALSE,3,NONE,INV
170,Kanban,PT,0020,ReachabilityDeadlock,00,FALSE,3,NONE,INV
171,Kanban,PT,0050,ReachabilityDeadlock,00,FALSE,3,NONE,INV
172,LamportFastMutEx,PT,2,ReachabilityDeadlock,00,FALSE,3,GEN,INV
173,LamportFastMutEx,PT,3,ReachabilityDeadlock,00,FALSE,3,GEN,INV
174,LamportFastMutEx,PT,4,ReachabilityDeadlock,00,FALSE,3,GEN,INV
175,MAPK,PT,008,ReachabilityDeadlock,00,FALSE,3,NONE,INV
176,MAPK,PT,020,ReachabilityDeadlock,00,FALSE,3,NONE,INV
177,MAPK,PT,040,ReachabilityDeadlock,00,FALSE,3,NONE,INV
178,MAPK,PT,080,ReachabilityDeadlock,00,FALSE,3,NONE,INV
179,MultiwaySync,PT,none,ReachabilityDeadlock,00,FALSE,3,NUPN,INV
180,NeighborGrid,PT,d2n3m1c12,ReachabilityDeadlock,00,FALSE,3,NONE,INV
181,NeighborGrid,PT,d2n3m1t12,ReachabilityDeadlock,00,FALSE,3,NONE,INV
182,NeighborGrid,PT,d3n3m1t11,ReachabilityDeadlock,00,FALSE,3,NONE,INV
183,NeoElection,PT,2,ReachabilityDeadlock,00,TRUE,3,GEN,CEX
184,PaceMaker,PT,none,ReachabilityDeadlock,00,FALSE,3,NONE,INV
185,ParamProductionCell,PT,0,ReachabilityDeadlock,00,FALSE,3,GEN,INV
186,ParamProductionCell,PT,1,ReachabilityDeadlock,00,FALSE,3,GEN,INV
187,ParamProductionCell,PT,3,ReachabilityDeadlock,00,FALSE,3,GEN,INV
188,ParamProductionCell,PT,4,ReachabilityDeadlock,00,FALSE,3,GEN,INV
189,ParamProductionCell,PT,5,ReachabilityDeadlock,00,FALSE,3,GEN,INV
190,Parking,PT,104,ReachabilityDeadlock,00,TRUE,3,NUPN,CEX
191,Parking,PT,208,ReachabilityDeadlock,00,TRUE,3,NUPN,CEX
192,Parking,PT,416,ReachabilityDeadlock,00,TRUE,3,NUPN,CEX
193,PermAdmissibility,PT,01,ReachabilityDeadlock,00,TRUE,3,NONE,CEX
194,Peterson,PT,2,ReachabilityDeadlock,00,FALSE,3,GEN,INV
195,Peterson,PT,3,ReachabilityDeadlock,00,FALSE,3,GEN,INV
196,PhaseVariation,PT,D02CS010,ReachabilityDeadlock,00,TRUE,3,NONE,CEX
197,PhaseVariation,PT,D02CS100,ReachabilityDeadlock,00,TRUE,3,NONE,CEX
198,PhaseVariation,PT,D05CS010,ReachabilityDeadlock,00,TRUE,3,NONE,CEX
199,Philosophers,PT,000005,ReachabilityDeadlock,00,TRUE,3,GEN,CEX
200,Philosophers,PT,000010,ReachabilityDeadlock,00,TRUE,3,GEN,CEX
201,Philosophers,PT,000020,ReachabilityDeadlock,00,TRUE,3,GEN,CEX
202,Philosophers,PT,000100,ReachabilityDeadlock,00,TRUE,3,GEN,CEX
203,PhilosophersDyn,PT,03,ReachabilityDeadlock,00,TRUE,3,NONE,CEX
204,PhilosophersDyn,PT,10,ReachabilityDeadlock,00,TRUE,3,NONE,CEX
205,PhilosophersDyn,PT,20,ReachabilityDeadlock,00,TRUE,3,NONE,CEX
206,PolyORBLF,PT,S06J04T04,ReachabilityDeadlock,00,TRUE,3,NONE,CEX
207,PolyORBLF,PT,S06J04T06,ReachabilityDeadlock,00,TRUE,3,NONE,CEX
208,PolyORBLF,PT,S06J04T08,ReachabilityDeadlock,00,TRUE,3,NONE,CEX
209,PolyORBLF,PT,S06J06T04,ReachabilityDeadlock,00,TRUE,3,NONE,CEX
210,PolyORBLF,PT,S06J06T06,ReachabilityDeadlock,00,TRUE,3,NONE,CEX
211,PolyORBNT,PT,S05J20,ReachabilityDeadlock,00,TRUE,3,NONE,CEX
212,PolyORBNT,PT,S05J30,ReachabilityDeadlock,00,TRUE,3,NONE,CEX
213,PolyORBNT,PT,S05J40,ReachabilityDeadlock,00,TRUE,3,NONE,CEX
214,PolyORBNT,PT,S05J60,ReachabilityDeadlock,00,TRUE,3,NONE,CEX
215,PolyORBNT,PT,S05J80,ReachabilityDeadlock,00,TRUE,3,NONE,CEX
216,PolyORBNT,PT,S10J20,ReachabilityDeadlock,00,TRUE,3,NONE,CEX
217,PolyORBNT,PT,S10J30,ReachabilityDeadlock,00,TRUE,3,NONE,CEX
218,PolyORBNT,PT,S10J40,ReachabilityDeadlock,00,TRUE,3,NONE,CEX
219,PolyORBNT,PT,S10J60,ReachabilityDeadlock,00,TRUE,3,NONE,CEX
220,PolyORBNT,PT,S10J80,ReachabilityDeadlock,00,TRUE,3,NONE,CEX
221,QuasiCertifProtocol,PT,02,ReachabilityDeadlock,00,TRUE,3,NONE,CEX
222,QuasiCertifProtocol,PT,06,ReachabilityDeadlock,00,TRUE,3,NONE,CEX
223,QuasiCertifProtocol,PT,10,ReachabilityDeadlock,00,TRUE,3,NONE,CEX
224,Raft,PT,02,ReachabilityDeadlock,00,FALSE,3,NUPN,INV
225,Raft,PT,03,ReachabilityDeadlock,00,FALSE,3,NUPN,INV
226,Raft,PT,04,ReachabilityDeadlock,00,FALSE,3,NUPN,INV
227,Railroad,PT,005,ReachabilityDeadlock,00,FALSE,3,GEN,INV
228,Railroad,PT,010,ReachabilityDeadlock,00,FALSE,3,GEN,INV
229,Referendum,PT,0010,ReachabilityDeadlock,00,TRUE,3,GEN,CEX
230,Referendum,PT,0015,ReachabilityDeadlock,00,TRUE,3,GEN,CEX
231,ResAllocation,PT,R002C002,ReachabilityDeadlock,00,TRUE,3,GEN,CEX
232,ResAllocation,PT,R003C002,ReachabilityDeadlock,00,TRUE,3,GEN,CEX
233,ResAllocation,PT,R003C003,ReachabilityDeadlock,00,TRUE,3,GEN,CEX
234,ResAllocation,PT,R003C005,ReachabilityDeadlock,00,TRUE,3,GEN,CEX
235,ResAllocation,PT,R003C010,ReachabilityDeadlock,00,TRUE,3,GEN,CEX
236,ResAllocation,PT,R003C015,ReachabilityDeadlock,00,TRUE,3,GEN,CEX
237,ResAllocation,PT,R003C020,ReachabilityDeadlock,00,TRUE,3,GEN,CEX
238,ResAllocation,PT,R003C050,ReachabilityDeadlock,00,TRUE,3,GEN,CEX
239,ResAllocation,PT,R003C100,ReachabilityDeadlock,00,TRUE,3,GEN,CEX
240,ResAllocation,PT,R005C002,ReachabilityDeadlock,00,TRUE,3,GEN,CEX
241,ResAllocation,PT,R010C002,ReachabilityDeadlock,00,TRUE,3,GEN,CEX
242,ResAllocation,PT,R015C002,ReachabilityDeadlock,00,TRUE,3,GEN,CEX
243,ResAllocation,PT,R020C002,ReachabilityDeadlock,00,TRUE,3,GEN,CEX
244,ResAllocation,PT,R050C002,ReachabilityDeadlock,00,TRUE,3,GEN,CEX
245,ResAllocation,PT,R100C002,ReachabilityDeadlock,00,TRUE,3,GEN,CEX
246,Ring,PT,none,ReachabilityDeadlock,00,FALSE,3,GEN,INV
247,RobotManipulation,PT,00001,ReachabilityDeadlock,00,FALSE,3,NONE,INV
248,RobotManipulation,PT,00002,ReachabilityDeadlock,00,FALSE,3,NONE,INV
249,RobotManipulation,PT,00005,ReachabilityDeadlock,00,FALSE,3,NONE,INV
250,RobotManipulation,PT,00010,ReachabilityDeadlock,00,FALSE,3,NONE,INV
251,RobotManipulation,PT,00020,ReachabilityDeadlock,00,FALSE,3,NONE,INV
252,RobotManipulation,PT,00050,ReachabilityDeadlock,00,FALSE,3,NONE,INV
253,RwMutex,PT,r0010w0010,ReachabilityDeadlock,00,FALSE,3,GEN,INV
254,RwMutex,PT,r0010w0020,ReachabilityDeadlock,00,FALSE,3,GEN,INV
255,RwMutex,PT,r0010w0050,ReachabilityDeadlock,00,FALSE,3,GEN,INV
256,RwMutex,PT,r0010w0100,ReachabilityDeadlock,00,FALSE,3,GEN,INV
257,RwMutex,PT,r0010w0500,ReachabilityDeadlock,00,FALSE,3,GEN,INV
258,RwMutex,PT,r0020w0010,ReachabilityDeadlock,00,FALSE,3,GEN,INV
259,SafeBus,PT,03,ReachabilityDeadlock,00,FALSE,3,GEN,INV
260,SharedMemory,PT,000005,ReachabilityDeadlock,00,FALSE,3,GEN,INV
261,SharedMemory,PT,000010,ReachabilityDeadlock,00,FALSE,3,GEN,INV
262,SimpleLoadBal,PT,02,ReachabilityDeadlock,00,FALSE,3,GEN,INV
263,SimpleLoadBal,PT,05,ReachabilityDeadlock,00,FALSE,3,GEN,INV
264,SmallOperatingSystem,PT,MT0016DC0008,ReachabilityDeadlock,00,FALSE,3,NONE,INV
265,SmallOperatingSystem,PT,MT0032DC0008,ReachabilityDeadlock,00,FALSE,3,NONE,INV
266,SmallOperatingSystem,PT,MT0032DC0016,ReachabilityDeadlock,00,FALSE,3,NONE,INV
267,SmallOperatingSystem,PT,MT0064DC0016,ReachabilityDeadlock,00,FALSE,3,NONE,INV
268,SmallOperatingSystem,PT,MT0064DC0032,ReachabilityDeadlock,00,FALSE,3,NONE,INV
269,SmallOperatingSystem,PT,MT0128DC0032,ReachabilityDeadlock,00,FALSE,3,NONE,INV
270,SmallOperatingSystem,PT,MT0128DC0064,ReachabilityDeadlock,00,FALSE,3,NONE,INV
271,SmallOperatingSystem,PT,MT0256DC0064,ReachabilityDeadlock,00,FALSE,3,NONE,INV
272,Solitaire,PT,EngCT7x7,ReachabilityDeadlock,00,TRUE,3,NONE,CEX
273,Solitaire,PT,EngNC7x7,ReachabilityDeadlock,00,TRUE,3,GEN,CEX
274,Solitaire,PT,FrnCT7x7,ReachabilityDeadlock,00,TRUE,3,NONE,CEX
275,Solitaire,PT,FrnNC7x7,ReachabilityDeadlock,00,TRUE,3,GEN,CEX
276,Solitaire,PT,SqrCT5x5,ReachabilityDeadlock,00,TRUE,3,NONE,CEX
277,Solitaire,PT,SqrNC5x5,ReachabilityDeadlock,00,TRUE,3,GEN,CEX
278,SquareGrid,PT,020102,ReachabilityDeadlock,00,TRUE,3,NONE,CEX
279,SwimmingPool,PT,01,ReachabilityDeadlock,00,FALSE,3,NONE,INV
280,SwimmingPool,PT,02,ReachabilityDeadlock,00,FALSE,3,NONE,INV
281,SwimmingPool,PT,03,ReachabilityDeadlock,00,FALSE,3,NONE,INV
282,SwimmingPool,PT,04,ReachabilityDeadlock,00,FALSE,3,NONE,INV
283,SwimmingPool,PT,05,ReachabilityDeadlock,00,FALSE,3,NONE,INV
284,SwimmingPool,PT,06,ReachabilityDeadlock,00,FALSE,3,NONE,INV
285,SwimmingPool,PT,07,ReachabilityDeadlock,00,FALSE,3,NONE,INV
286,SwimmingPool,PT,08,ReachabilityDeadlock,00,FALSE,3,NONE,INV
287,SwimmingPool,PT,09,ReachabilityDeadlock,00,FALSE,3,NONE,INV
288,TCPcondis,PT,05,ReachabilityDeadlock,00,FALSE,3,NONE,INV
289,TCPcondis,PT,10,ReachabilityDeadlock,00,FALSE,3,NONE,INV
290,TokenRing,PT,005,ReachabilityDeadlock,00,FALSE,3,GEN,INV
291,TokenRing,PT,010,ReachabilityDeadlock,00,FALSE,3,GEN,INV
292,TokenRing,PT,015,ReachabilityDeadlock,00,FALSE,3,GEN,INV
293,TriangularGrid,PT,1200,ReachabilityDeadlock,00,FALSE,3,NONE,INV
294,TriangularGrid,PT,1500,ReachabilityDeadlock,00,FALSE,3,NONE,INV
295,TriangularGrid,PT,2011,ReachabilityDeadlock,00,TRUE,3,NONE,CEX
296,TriangularGrid,PT,3011,ReachabilityDeadlock,00,TRUE,3,NONE,CEX
297,Vasy2003,PT,none,ReachabilityDeadlock,00,FALSE,3,NUPN,INV
298,ASLink,PT,01a,ReachabilityDeadlock,00,TRUE,3,NUPN,CEX
299,ASLink,PT,02a,ReachabilityDeadlock,00,TRUE,3,NUPN,CEX
300,ASLink,PT,03a,ReachabilityDeadlock,00,TRUE,3,NUPN,CEX
301,BusinessProcesses,PT,01,ReachabilityDeadlock,00,TRUE,3,NUPN,CEX
302,BusinessProcesses,PT,02,ReachabilityDeadlock,00,TRUE,3,NUPN,CEX
303,BusinessProcesses,PT,03,ReachabilityDeadlock,00,TRUE,3,NUPN,CEX
304,BusinessProcesses,PT,06,ReachabilityDeadlock,00,TRUE,3,NUPN,CEX
305,DLCflexbar,PT,2a,ReachabilityDeadlock,00,FALSE,3,NUPN,INV
306,DLCflexbar,PT,3a,ReachabilityDeadlock,00,FALSE,3,NUPN,INV
307,DiscoveryGPU,PT,06a,ReachabilityDeadlock,00,TRUE,3,NUPN,CEX
308,DiscoveryGPU,PT,07a,ReachabilityDeadlock,00,TRUE,3,NUPN,CEX
309,DiscoveryGPU,PT,08a,ReachabilityDeadlock,00,TRUE,3,NUPN,CEX
310,DiscoveryGPU,PT,09a,ReachabilityDeadlock,00,TRUE,3,NUPN,CEX
311,DiscoveryGPU,PT,10a,ReachabilityDeadlock,00,TRUE,3,NUPN,CEX
312,DiscoveryGPU,PT,11a,ReachabilityDeadlock,00,TRUE,3,NUPN,CEX
313,DiscoveryGPU,PT,12a,ReachabilityDeadlock,00,TRUE,3,NUPN,CEX
314,DiscoveryGPU,PT,13a,ReachabilityDeadlock,00,TRUE,3,NUPN,CEX
315,DiscoveryGPU,PT,14a,ReachabilityDeadlock,00,TRUE,3,NUPN,CEX
316,DiscoveryGPU,PT,15a,ReachabilityDeadlock,00,TRUE,3,NUPN,CEX
317,DoubleExponent,PT,001,ReachabilityDeadlock,00,TRUE,3,NONE,CEX
318,DoubleExponent,PT,002,ReachabilityDeadlock,00,TRUE,3,NONE,CEX
319,DoubleExponent,PT,003,ReachabilityDeadlock,00,TRUE,3,NONE,CEX
320,DoubleExponent,PT,004,ReachabilityDeadlock,00,TRUE,3,NONE,CEX
321,DoubleExponent,PT,010,ReachabilityDeadlock,00,TRUE,3,NONE,CEX
322,DoubleExponent,PT,100,ReachabilityDeadlock,00,TRUE,3,NONE,CEX
323,DoubleExponent,PT,200,ReachabilityDeadlock,00,TRUE,3,NONE,CEX
324,EGFr,PT,02010,ReachabilityDeadlock,00,TRUE,3,GEN,CEX
325,EGFr,PT,10420,ReachabilityDeadlock,00,FALSE,3,GEN,INV
326,EGFr,PT,10421,ReachabilityDeadlock,00,FALSE,3,NONE,INV
327,HospitalTriage,PT,none,ReachabilityDeadlock,00,FALSE,3,NONE,INV
328,MAPKbis,PT,5310,ReachabilityDeadlock,00,FALSE,3,GEN,INV
329,NQueens,PT,05,ReachabilityDeadlock,00,TRUE,3,GEN,CEX
330,NQueens,PT,08,ReachabilityDeadlock,00,TRUE,3,GEN,CEX
331,NQueens,PT,10,ReachabilityDeadlock,00,TRUE,3,GEN,CEX
332,NQueens,PT,12,ReachabilityDeadlock,00,TRUE,3,GEN,CEX
333,AirplaneLD,COL,0010,ReachabilityDeadlock,00,TRUE,3,NONE,CEX
334,AirplaneLD,COL,0020,ReachabilityDeadlock,00,TRUE,3,NONE,CEX
335,AirplaneLD,COL,0050,ReachabilityDeadlock,00,TRUE,3,NONE,CEX
336,AirplaneLD,COL,0100,ReachabilityDeadlock,00,TRUE,3,NONE,CEX
337,AirplaneLD,COL,0200,ReachabilityDeadlock,00,TRUE,3,NONE,CEX
338,AirplaneLD,COL,0500,ReachabilityDeadlock,00,TRUE,3,NONE,CEX
339,AirplaneLD,COL,1000,ReachabilityDeadlock,00,TRUE,3,NONE,CEX
340,AirplaneLD,COL,2000,ReachabilityDeadlock,00,TRUE,3,NONE,CEX
341,AirplaneLD,COL,4000,ReachabilityDeadlock,00,TRUE,3,NONE,CEX
342,AirplaneLD,PT,0500,ReachabilityDeadlock,00,TRUE,3,GEN,CEX
343,AirplaneLD,PT,1000,ReachabilityDeadlock,00,TRUE,3,GEN,CEX
344,AirplaneLD,PT,2000,ReachabilityDeadlock,00,TRUE,3,GEN,CEX
345,AirplaneLD,PT,4000,ReachabilityDeadlock,00,TRUE,3,GEN,CEX
346,Angiogenesis,PT,20,ReachabilityDeadlock,00,TRUE,3,NONE,CEX
347,AutoFlight,PT,04b,ReachabilityDeadlock,00,TRUE,3,NUPN,CEX
348,AutoFlight,PT,05b,ReachabilityDeadlock,00,TRUE,3,NUPN,CEX
349,AutoFlight,PT,06b,ReachabilityDeadlock,00,TRUE,3,NUPN,CEX
350,AutoFlight,PT,12b,ReachabilityDeadlock,00,TRUE,3,NUPN,CEX
351,AutoFlight,PT,24a,ReachabilityDeadlock,00,TRUE,3,NUPN,CEX
352,AutoFlight,PT,24b,ReachabilityDeadlock,00,TRUE,3,NUPN,CEX
353,AutoFlight,PT,48a,ReachabilityDeadlock,00,TRUE,3,NUPN,CEX
354,AutoFlight,PT,48b,ReachabilityDeadlock,00,TRUE,3,NUPN,CEX
355,AutoFlight,PT,96a,ReachabilityDeadlock,00,TRUE,3,NUPN,CEX
356,AutoFlight,PT,96b,ReachabilityDeadlock,00,TRUE,3,NUPN,CEX
357,BART,PT,005,ReachabilityDeadlock,00,FALSE,3,GEN,INV
358,BART,PT,010,ReachabilityDeadlock,00,FALSE,3,GEN,INV
359,BART,PT,020,ReachabilityDeadlock,00,FALSE,3,GEN,INV
360,BART,PT,030,ReachabilityDeadlock,00,FALSE,3,GEN,INV
361,BART,PT,040,ReachabilityDeadlock,00,FALSE,3,GEN,INV
362,BART,PT,050,ReachabilityDeadlock,00,FALSE,3,GEN,INV
363,BART,PT,060,ReachabilityDeadlock,00,FALSE,3,GEN,INV
364,BridgeAndVehicles,COL,V04P05N02,ReachabilityDeadlock,00,TRUE,3,NONE,CEX
365,BridgeAndVehicles,COL,V10P10N10,ReachabilityDeadlock,00,TRUE,3,NONE,CEX
366,BridgeAndVehicles,COL,V20P10N10,ReachabilityDeadlock,00,TRUE,3,NONE,CEX
367,BridgeAndVehicles,COL,V20P10N20,ReachabilityDeadlock,00,TRUE,3,NONE,CEX
368,BridgeAndVehicles,COL,V20P10N50,ReachabilityDeadlock,00,TRUE,3,NONE,CEX
369,BridgeAndVehicles,COL,V20P20N10,ReachabilityDeadlock,00,TRUE,3,NONE,CEX
370,BridgeAndVehicles,COL,V20P20N20,ReachabilityDeadlock,00,TRUE,3,NONE,CEX
371,BridgeAndVehicles,COL,V20P20N50,ReachabilityDeadlock,00,TRUE,3,NONE,CEX
372,BridgeAndVehicles,COL,V50P20N10,ReachabilityDeadlock,00,TRUE,2,NONE,CEX
373,BridgeAndVehicles,COL,V50P20N20,ReachabilityDeadlock,00,TRUE,2,NONE,CEX
374,BridgeAndVehicles,COL,V50P20N50,ReachabilityDeadlock,00,TRUE,2,NONE,CEX
375,BridgeAndVehicles,COL,V50P50N10,ReachabilityDeadlock,00,TRUE,2,NONE,CEX
376,BridgeAndVehicles,COL,V50P50N20,ReachabilityDeadlock,00,TRUE,2,NONE,CEX
377,BridgeAndVehicles,COL,V50P50N50,ReachabilityDeadlock,00,TRUE,2,NONE,CEX
378,BridgeAndVehicles,COL,V80P20N10,ReachabilityDeadlock,00,TRUE,2,NONE,CEX
379,BridgeAndVehicles,COL,V80P20N20,ReachabilityDeadlock,00,TRUE,2,NONE,CEX
380,BridgeAndVehicles,COL,V80P20N50,ReachabilityDeadlock,00,TRUE,2,NONE,CEX
381,BridgeAndVehicles,COL,V80P50N10,ReachabilityDeadlock,00,TRUE,2,NONE,CEX
382,BridgeAndVehicles,COL,V80P50N20,ReachabilityDeadlock,00,TRUE,2,NONE,CEX
383,BridgeAndVehicles,COL,V80P50N50,ReachabilityDeadlock,00,TRUE,2,NONE,CEX
384,BridgeAndVehicles,PT,V20P10N10,ReachabilityDeadlock,00,TRUE,3,NONE,CEX
385,BridgeAndVehicles,PT,V20P10N20,ReachabilityDeadlock,00,TRUE,3,NONE,CEX
386,BridgeAndVehicles,PT,V20P10N50,ReachabilityDeadlock,00,TRUE,3,NONE,CEX
387,BridgeAndVehicles,PT,V20P20N10,ReachabilityDeadlock,00,TRUE,3,NONE,CEX
388,BridgeAndVehicles,PT,V20P20N50,ReachabilityDeadlock,00,TRUE,3,NONE,CEX
389,BridgeAndVehicles,PT,V50P20N10,ReachabilityDeadlock,00,TRUE,3,NONE,CEX
390,BridgeAndVehicles,PT,V50P20N20,ReachabilityDeadlock,00,TRUE,3,NONE,CEX
391,BridgeAndVehicles,PT,V50P20N50,ReachabilityDeadlock,00,TRUE,3,NONE,CEX
392,BridgeAndVehicles,PT,V50P50N10,ReachabilityDeadlock,00,TRUE,3,NONE,CEX
393,BridgeAndVehicles,PT,V50P50N20,ReachabilityDeadlock,00,TRUE,3,NONE,CEX
394,BridgeAndVehicles,PT,V50P50N50,ReachabilityDeadlock,00,TRUE,3,NONE,CEX
395,BridgeAndVehicles,PT,V80P20N10,ReachabilityDeadlock,00,TRUE,3,NONE,CEX
396,BridgeAndVehicles,PT,V80P20N20,ReachabilityDeadlock,00,TRUE,3,NONE,CEX
397,BridgeAndVehicles,PT,V80P20N50,ReachabilityDeadlock,00,TRUE,3,NONE,CEX
398,BridgeAndVehicles,PT,V80P50N10,ReachabilityDeadlock,00,TRUE,3,NONE,CEX
399,BridgeAndVehicles,PT,V80P50N20,ReachabilityDeadlock,00,TRUE,3,NONE,CEX
400,BridgeAndVehicles,PT,V80P50N50,ReachabilityDeadlock,00,TRUE,3,NONE,CEX
401,CSRepetitions,COL,02,ReachabilityDeadlock,00,TRUE,3,NONE,CEX
402,CSRepetitions,COL,03,ReachabilityDeadlock,00,TRUE,3,NONE,CEX
403,CSRepetitions,COL,04,ReachabilityDeadlock,00,TRUE,3,NONE,CEX
404,CSRepetitions,COL,05,ReachabilityDeadlock,00,TRUE,3,NONE,CEX
405,CSRepetitions,COL,07,ReachabilityDeadlock,00,TRUE,3,NONE,CEX
406,CSRepetitions,COL,10,ReachabilityDeadlock,00,TRUE,3,NONE,CEX
407,CSRepetitions,PT,04,ReachabilityDeadlock,00,TRUE,3,NONE,CEX
408,CSRepetitions,PT,05,ReachabilityDeadlock,00,TRUE,3,NONE,CEX
409,CSRepetitions,PT,07,ReachabilityDeadlock,00,TRUE,3,NONE,CEX
410,CSRepetitions,PT,10,ReachabilityDeadlock,00,TRUE,3,NONE,CEX
411,CircadianClock,PT,001000,ReachabilityDeadlock,00,FALSE,3,NONE,INV
412,CircadianClock,PT,010000,ReachabilityDeadlock,00,FALSE,3,NONE,INV
413,CircadianClock,PT,100000,ReachabilityDeadlock,00,FALSE,3,NONE,INV
414,CircularTrains,PT,192,ReachabilityDeadlock,00,FALSE,3,NONE,INV
415,CircularTrains,PT,384,ReachabilityDeadlock,00,FALSE,3,NONE,INV
416,CircularTrains,PT,768,ReachabilityDeadlock,00,FALSE,3,NONE,INV
417,ClientsAndServers,PT,N0050P0,ReachabilityDeadlock,00,TRUE,3,NONE,CEX
418,ClientsAndServers,PT,N0100P0,ReachabilityDeadlock,00,TRUE,3,NONE,CEX
419,ClientsAndServers,PT,N0200P0,ReachabilityDeadlock,00,TRUE,3,NONE,CEX
420,ClientsAndServers,PT,N0500P0,ReachabilityDeadlock,00,TRUE,3,NONE,CEX
421,ClientsAndServers,PT,N1000P0,ReachabilityDeadlock,00,TRUE,3,NONE,CEX
422,ClientsAndServers,PT,N2000P0,ReachabilityDeadlock,00,TRUE,3,NONE,CEX
423,ClientsAndServers,PT,N5000P0,ReachabilityDeadlock,00,TRUE,3,NONE,CEX
424,CloudDeployment,PT,2b,ReachabilityDeadlock,00,TRUE,3,NUPN,CEX
425,CloudDeployment,PT,3b,ReachabilityDeadlock,00,TRUE,3,NUPN,CEX
426,CloudDeployment,PT,4b,ReachabilityDeadlock,00,TRUE,3,NUPN,CEX
427,CloudDeployment,PT,5b,ReachabilityDeadlock,00,TRUE,3,NUPN,CEX
428,CloudDeployment,PT,6b,ReachabilityDeadlock,00,TRUE,3,NUPN,CEX
429,CloudDeployment,PT,7b,ReachabilityDeadlock,00,TRUE,3,NUPN,CEX
430,CloudReconfiguration,PT,301,ReachabilityDeadlock,00,TRUE,3,NUPN,CEX
431,CloudReconfiguration,PT,302,ReachabilityDeadlock,00,TRUE,3,NUPN,CEX
432,CloudReconfiguration,PT,303,ReachabilityDeadlock,00,TRUE,3,NUPN,CEX
433,CloudReconfiguration,PT,304,ReachabilityDeadlock,00,TRUE,3,NUPN,CEX
434,CloudReconfiguration,PT,305,ReachabilityDeadlock,00,TRUE,3,NUPN,CEX
435,CloudReconfiguration,PT,306,ReachabilityDeadlock,00,TRUE,3,NUPN,CEX
436,CloudReconfiguration,PT,307,ReachabilityDeadlock,00,TRUE,3,NUPN,CEX
437,CloudReconfiguration,PT,308,ReachabilityDeadlock,00,TRUE,3,NUPN,CEX
438,CloudReconfiguration,PT,309,ReachabilityDeadlock,00,TRUE,3,NUPN,CEX
439,CloudReconfiguration,PT,310,ReachabilityDeadlock,00,TRUE,3,NUPN,CEX
440,CloudReconfiguration,PT,311,ReachabilityDeadlock,00,TRUE,3,NUPN,CEX
441,CloudReconfiguration,PT,312,ReachabilityDeadlock,00,TRUE,3,NUPN,CEX
442,CloudReconfiguration,PT,313,ReachabilityDeadlock,00,TRUE,3,NUPN,CEX
443,CloudReconfiguration,PT,314,ReachabilityDeadlock,00,TRUE,3,NUPN,CEX
444,CloudReconfiguration,PT,315,ReachabilityDeadlock,00,TRUE,3,NUPN,CEX
445,CloudReconfiguration,PT,316,ReachabilityDeadlock,00,TRUE,3,NUPN,CEX
446,CloudReconfiguration,PT,318,ReachabilityDeadlock,00,TRUE,3,NUPN,CEX
447,CloudReconfiguration,PT,401,ReachabilityDeadlock,00,TRUE,3,NUPN,CEX
448,CloudReconfiguration,PT,402,ReachabilityDeadlock,00,TRUE,3,NUPN,CEX
449,DLCround,PT,03b,ReachabilityDeadlock,00,TRUE,3,NUPN,CEX
450,DLCround,PT,04b,ReachabilityDeadlock,00,TRUE,3,NUPN,CEX
451,DLCround,PT,05b,ReachabilityDeadlock,00,TRUE,3,NUPN,CEX
452,DLCround,PT,06b,ReachabilityDeadlock,00,TRUE,3,NUPN,CEX
453,DLCround,PT,07b,ReachabilityDeadlock,00,TRUE,3,NUPN,CEX
454,DLCround,PT,08b,ReachabilityDeadlock,00,TRUE,3,NUPN,CEX
455,DLCround,PT,09b,ReachabilityDeadlock,00,TRUE,3,NUPN,CEX
456,DLCround,PT,10b,ReachabilityDeadlock,00,TRUE,1,NUPN,CEX
457,DLCround,PT,11b,ReachabilityDeadlock,00,TRUE,2,NUPN,CEX
458,DLCshifumi,PT,2b,ReachabilityDeadlock,00,TRUE,3,NUPN,CEX
459,DLCshifumi,PT,3b,ReachabilityDeadlock,00,TRUE,3,NUPN,CEX
460,DLCshifumi,PT,4a,ReachabilityDeadlock,00,FALSE,3,NUPN,INV
461,DLCshifumi,PT,4b,ReachabilityDeadlock,00,TRUE,3,NUPN,CEX
462,DLCshifumi,PT,5a,ReachabilityDeadlock,00,FALSE,3,NUPN,INV
463,DLCshifumi,PT,6a,ReachabilityDeadlock,00,FALSE,3,NUPN,INV
464,DNAwalker,PT,18lozangeBlock,ReachabilityDeadlock,00,TRUE,3,NONE,CEX
465,DatabaseWithMutex,COL,02,ReachabilityDeadlock,00,FALSE,3,NONE,INV
466,DatabaseWithMutex,COL,04,ReachabilityDeadlock,00,FALSE,3,NONE,INV
467,Dekker,PT,020,ReachabilityDeadlock,00,FALSE,3,GEN,INV
468,Diffusion2D,PT,D05N150,ReachabilityDeadlock,00,FALSE,3,NONE,INV
469,Diffusion2D,PT,D05N200,ReachabilityDeadlock,00,FALSE,3,NONE,INV
470,Diffusion2D,PT,D05N250,ReachabilityDeadlock,00,FALSE,3,NONE,INV
471,Diffusion2D,PT,D05N300,ReachabilityDeadlock,00,FALSE,3,NONE,INV
472,Diffusion2D,PT,D05N350,ReachabilityDeadlock,00,FALSE,3,NONE,INV
473,Diffusion2D,PT,D10N100,ReachabilityDeadlock,00,FALSE,3,NONE,INV
474,Diffusion2D,PT,D10N150,ReachabilityDeadlock,00,FALSE,3,NONE,INV
475,Diffusion2D,PT,D10N200,ReachabilityDeadlock,00,FALSE,3,NONE,INV
476,Diffusion2D,PT,D20N050,ReachabilityDeadlock,00,FALSE,3,NONE,INV
477,Diffusion2D,PT,D20N100,ReachabilityDeadlock,00,FALSE,3,NONE,INV
478,Diffusion2D,PT,D20N150,ReachabilityDeadlock,00,FALSE,3,NONE,INV
479,Diffusion2D,PT,D30N010,ReachabilityDeadlock,00,FALSE,3,NONE,INV
480,Diffusion2D,PT,D30N050,ReachabilityDeadlock,00,FALSE,3,NONE,INV
481,Diffusion2D,PT,D30N100,ReachabilityDeadlock,00,FALSE,3,NONE,INV
482,Diffusion2D,PT,D30N150,ReachabilityDeadlock,00,FALSE,3,NONE,INV
483,Diffusion2D,PT,D40N010,ReachabilityDeadlock,00,FALSE,3,NONE,INV
484,Diffusion2D,PT,D40N050,ReachabilityDeadlock,00,FALSE,3,NONE,INV
485,Diffusion2D,PT,D40N100,ReachabilityDeadlock,00,FALSE,3,NONE,INV
486,Diffusion2D,PT,D40N150,ReachabilityDeadlock,00,FALSE,3,NONE,INV
487,Diffusion2D,PT,D50N010,ReachabilityDeadlock,00,FALSE,3,NONE,INV
488,Diffusion2D,PT,D50N050,ReachabilityDeadlock,00,FALSE,3,NONE,INV
489,Diffusion2D,PT,D50N100,ReachabilityDeadlock,00,FALSE,3,NONE,INV
490,Diffusion2D,PT,D50N150,ReachabilityDeadlock,00,FALSE,3,NONE,INV
491,DrinkVendingMachine,COL,02,ReachabilityDeadlock,00,FALSE,3,NONE,INV
492,DrinkVendingMachine,COL,10,ReachabilityDeadlock,00,FALSE,3,NONE,INV
493,DrinkVendingMachine,COL,16,ReachabilityDeadlock,00,FALSE,2,NONE,INV
494,DrinkVendingMachine,PT,10,ReachabilityDeadlock,00,FALSE,3,NONE,INV
495,ERK,PT,001000,ReachabilityDeadlock,00,FALSE,3,NONE,INV
496,ERK,PT,010000,ReachabilityDeadlock,00,FALSE,3,NONE,INV
497,ERK,PT,100000,ReachabilityDeadlock,00,FALSE,3,NONE,INV
498,Echo,PT,d02r09,ReachabilityDeadlock,00,TRUE,3,GEN,CEX
499,Echo,PT,d02r11,ReachabilityDeadlock,00,TRUE,3,GEN,CEX
500,Echo,PT,d02r15,ReachabilityDeadlock,00,TRUE,3,GEN,CEX
501,Echo,PT,d02r19,ReachabilityDeadlock,00,TRUE,3,GEN,CEX
502,Echo,PT,d03r03,ReachabilityDeadlock,00,TRUE,3,GEN,CEX
503,Echo,PT,d03r05,ReachabilityDeadlock,00,TRUE,3,GEN,CEX
504,Echo,PT,d03r07,ReachabilityDeadlock,00,TRUE,3,GEN,CEX
505,Echo,PT,d04r03,ReachabilityDeadlock,00,TRUE,3,GEN,CEX
506,Echo,PT,d05r03,ReachabilityDeadlock,00,TRUE,3,GEN,CEX
507,EnergyBus,PT,none,ReachabilityDeadlock,00,FALSE,3,NUPN,INV
508,FMS,PT,200,ReachabilityDeadlock,00,FALSE,3,NONE,INV
509,FMS,PT,500,ReachabilityDeadlock,00,FALSE,3,NONE,INV
510,FlexibleBarrier,PT,06b,ReachabilityDeadlock,00,TRUE,3,NUPN,CEX
511,FlexibleBarrier,PT,08b,ReachabilityDeadlock,00,TRUE,3,NUPN,CEX
512,FlexibleBarrier,PT,10b,ReachabilityDeadlock,00,TRUE,3,NUPN,CEX
513,FlexibleBarrier,PT,12b,ReachabilityDeadlock,00,TRUE,3,NUPN,CEX
514,FlexibleBarrier,PT,14b,ReachabilityDeadlock,00,TRUE,3,NUPN,CEX
515,FlexibleBarrier,PT,16a,ReachabilityDeadlock,00,FALSE,3,NUPN,INV
516,FlexibleBarrier,PT,16b,ReachabilityDeadlock,00,TRUE,3,NUPN,CEX
517,FlexibleBarrier,PT,18a,ReachabilityDeadlock,00,FALSE,3,NUPN,INV
518,FlexibleBarrier,PT,18b,ReachabilityDeadlock,00,TRUE,3,NUPN,CEX
519,FlexibleBarrier,PT,20a,ReachabilityDeadlock,00,FALSE,3,NUPN,INV
520,FlexibleBarrier,PT,20b,ReachabilityDeadlock,00,TRUE,3,NUPN,CEX
521,FlexibleBarrier,PT,22a,ReachabilityDeadlock,00,FALSE,3,NUPN,INV
522,FlexibleBarrier,PT,22b,ReachabilityDeadlock,00,TRUE,3,NUPN,CEX
523,GPPP,PT,C0001N0000001000,ReachabilityDeadlock,00,FALSE,3,NONE,INV
524,GPPP,PT,C0001N0000010000,ReachabilityDeadlock,00,FALSE,3,NONE,INV
525,GPPP,PT,C0001N0000100000,ReachabilityDeadlock,00,FALSE,3,NONE,INV
526,GPPP,PT,C0100N0000000100,ReachabilityDeadlock,00,TRUE,3,NONE,CEX
527,GPPP,PT,C0100N0000001000,ReachabilityDeadlock,00,TRUE,3,NONE,CEX
528,GPPP,PT,C0100N0000010000,ReachabilityDeadlock,00,TRUE,3,NONE,CEX
529,GPPP,PT,C0100N0000100000,ReachabilityDeadlock,00,TRUE,3,NONE,CEX
530,GPPP,PT,C1000N0000000100,ReachabilityDeadlock,00,TRUE,3,NONE,CEX
531,GPPP,PT,C1000N0000001000,ReachabilityDeadlock,00,TRUE,3,NONE,CEX
532,GlobalResAllocation,COL,03,ReachabilityDeadlock,00,FALSE,3,NONE,INV
533,GlobalResAllocation,COL,05,ReachabilityDeadlock,00,FALSE,3,NONE,INV
534,GlobalResAllocation,COL,06,ReachabilityDeadlock,00,FALSE,2,NONE,INV
535,GlobalResAllocation,COL,07,ReachabilityDeadlock,00,FALSE,2,NONE,INV
536,GlobalResAllocation,COL,09,ReachabilityDeadlock,00,FALSE,2,NONE,INV
537,HexagonalGrid,PT,226,ReachabilityDeadlock,00,TRUE,3,NONE,CEX
538,HexagonalGrid,PT,316,ReachabilityDeadlock,00,TRUE,3,NONE,CEX
539,HexagonalGrid,PT,410,ReachabilityDeadlock,00,TRUE,3,NONE,CEX
540,HexagonalGrid,PT,516,ReachabilityDeadlock,00,TRUE,3,NONE,CEX
541,HouseConstruction,PT,050,ReachabilityDeadlock,00,TRUE,3,NONE,CEX
542,HouseConstruction,PT,100,ReachabilityDeadlock,00,TRUE,3,NONE,CEX
543,HouseConstruction,PT,200,ReachabilityDeadlock,00,TRUE,3,NONE,CEX
544,HouseConstruction,PT,500,ReachabilityDeadlock,00,TRUE,3,NONE,CEX
545,HypercubeGrid,PT,C3K4P4B12,ReachabilityDeadlock,00,TRUE,3,NONE,CEX
546,HypercubeGrid,PT,C4K3P3B12,ReachabilityDeadlock,00,TRUE,3,NONE,CEX
547,HypertorusGrid,PT,d2k3p2b04,ReachabilityDeadlock,00,TRUE,3,NONE,CEX
548,HypertorusGrid,PT,d3k3p2b06,ReachabilityDeadlock,00,TRUE,3,NONE,CEX
549,JoinFreeModules,PT,0020,ReachabilityDeadlock,00,FALSE,3,NONE,INV
550,JoinFreeModules,PT,0050,ReachabilityDeadlock,00,FALSE,3,NONE,INV
551,JoinFreeModules,PT,0100,ReachabilityDeadlock,00,FALSE,3,NONE,INV
552,JoinFreeModules,PT,0200,ReachabilityDeadlock,00,FALSE,2,NONE,INV
553,JoinFreeModules,PT,0500,ReachabilityDeadlock,00,FALSE,2,NONE,INV
554,JoinFreeModules,PT,1000,ReachabilityDeadlock,00,FALSE,2,NONE,INV
555,JoinFreeModules,PT,2000,ReachabilityDeadlock,00,FALSE,2,NONE,INV
556,Kanban,PT,0100,ReachabilityDeadlock,00,FALSE,3,NONE,INV
557,Kanban,PT,0200,ReachabilityDeadlock,00,FALSE,3,NONE,INV
558,Kanban,PT,0500,ReachabilityDeadlock,00,FALSE,3,NONE,INV
559,Kanban,PT,1000,ReachabilityDeadlock,00,FALSE,3,NONE,INV
560,LamportFastMutEx,COL,2,ReachabilityDeadlock,00,FALSE,3,NONE,INV
561,LamportFastMutEx,COL,3,ReachabilityDeadlock,00,FALSE,3,NONE,INV
562,LamportFastMutEx,COL,4,ReachabilityDeadlock,00,FALSE,3,NONE,INV
563,LamportFastMutEx,PT,5,ReachabilityDeadlock,00,FALSE,3,GEN,INV
564,MAPK,PT,160,ReachabilityDeadlock,00,FALSE,3,NONE,INV
565,MAPK,PT,320,ReachabilityDeadlock,00,FALSE,3,NONE,INV
566,NeighborGrid,PT,d4n3m2c23,ReachabilityDeadlock,00,FALSE,3,NONE,INV
567,NeighborGrid,PT,d5n4m1t35,ReachabilityDeadlock,00,FALSE,3,NONE,INV
568,NeoElection,COL,2,ReachabilityDeadlock,00,TRUE,3,NONE,CEX
569,NeoElection,COL,3,ReachabilityDeadlock,00,TRUE,3,NONE,CEX
570,NeoElection,COL,4,ReachabilityDeadlock,00,TRUE,3,NONE,CEX
571,NeoElection,COL,5,ReachabilityDeadlock,00,TRUE,3,NONE,CEX
572,NeoElection,COL,6,ReachabilityDeadlock,00,TRUE,3,NONE,CEX
573,NeoElection,COL,7,ReachabilityDeadlock,00,TRUE,3,NONE,CEX
574,NeoElection,COL,8,ReachabilityDeadlock,00,TRUE,2,NONE,CEX
575,NeoElection,PT,3,ReachabilityDeadlock,00,TRUE,3,GEN,CEX
576,NeoElection,PT,4,ReachabilityDeadlock,00,TRUE,3,GEN,CEX
577,NeoElection,PT,5,ReachabilityDeadlock,00,TRUE,3,GEN,CEX
578,NeoElection,PT,6,ReachabilityDeadlock,00,TRUE,3,GEN,CEX
579,NeoElection,PT,7,ReachabilityDeadlock,00,TRUE,3,GEN,CEX
580,NeoElection,PT,8,ReachabilityDeadlock,00,TRUE,3,GEN,CEX
581,ParamProductionCell,PT,2,ReachabilityDeadlock,00,FALSE,3,GEN,INV
582,Parking,PT,432,ReachabilityDeadlock,00,TRUE,3,NUPN,CEX
583,Parking,PT,832,ReachabilityDeadlock,00,TRUE,3,NUPN,CEX
584,Parking,PT,864,ReachabilityDeadlock,00,TRUE,3,NUPN,CEX
585,PermAdmissibility,COL,01,ReachabilityDeadlock,00,TRUE,3,NONE,CEX
586,PermAdmissibility,COL,02,ReachabilityDeadlock,00,TRUE,3,NONE,CEX
587,PermAdmissibility,COL,05,ReachabilityDeadlock,00,TRUE,2,NONE,CEX
588,PermAdmissibility,COL,10,ReachabilityDeadlock,00,TRUE,2,NONE,CEX
589,PermAdmissibility,COL,20,ReachabilityDeadlock,00,TRUE,2,NONE,CEX
590,PermAdmissibility,COL,50,ReachabilityDeadlock,00,TRUE,2,NONE,CEX
591,PermAdmissibility,PT,02,ReachabilityDeadlock,00,TRUE,3,NONE,CEX
592,PermAdmissibility,PT,05,ReachabilityDeadlock,00,TRUE,3,NONE,CEX
593,PermAdmissibility,PT,10,ReachabilityDeadlock,00,TRUE,3,NONE,CEX
594,PermAdmissibility,PT,20,ReachabilityDeadlock,00,TRUE,3,NONE,CEX
595,PermAdmissibility,PT,50,ReachabilityDeadlock,00,TRUE,3,NONE,CEX
596,Peterson,COL,2,ReachabilityDeadlock,00,FALSE,3,NONE,INV
597,Peterson,COL,3,ReachabilityDeadlock,00,FALSE,3,NONE,INV
598,Peterson,COL,4,ReachabilityDeadlock,00,FALSE,3,NONE,INV
599,Peterson,PT,4,ReachabilityDeadlock,00,FALSE,3,GEN,INV
600,PhaseVariation,PT,D05CS100,ReachabilityDeadlock,00,TRUE,3,NONE,CEX
601,PhaseVariation,PT,D10CS010,ReachabilityDeadlock,00,TRUE,3,NONE,CEX
602,PhaseVariation,PT,D10CS100,ReachabilityDeadlock,00,TRUE,3,NONE,CEX
603,PhaseVariation,PT,D20CS010,ReachabilityDeadlock,00,TRUE,3,NONE,CEX
604,PhaseVariation,PT,D20CS100,ReachabilityDeadlock,00,TRUE,3,NONE,CEX
605,PhaseVariation,PT,D30CS010,ReachabilityDeadlock,00,TRUE,3,NONE,CEX
606,PhaseVariation,PT,D30CS100,ReachabilityDeadlock,00,TRUE,3,NONE,CEX
607,Philosophers,COL,000005,ReachabilityDeadlock,00,TRUE,3,NONE,CEX
608,Philosophers,COL,000010,ReachabilityDeadlock,00,TRUE,3,NONE,CEX
609,Philosophers,COL,000020,ReachabilityDeadlock,00,TRUE,3,NONE,CEX
610,Philosophers,COL,000050,ReachabilityDeadlock,00,TRUE,3,NONE,CEX
611,Philosophers,COL,000100,ReachabilityDeadlock,00,TRUE,3,NONE,CEX
612,Philosophers,COL,000200,ReachabilityDeadlock,00,TRUE,3,NONE,CEX
613,Philosophers,COL,000500,ReachabilityDeadlock,00,TRUE,3,NONE,CEX
614,Philosophers,COL,001000,ReachabilityDeadlock,00,TRUE,3,NONE,CEX
615,Philosophers,COL,002000,ReachabilityDeadlock,00,TRUE,3,NONE,CEX
616,Philosophers,PT,000050,ReachabilityDeadlock,00,TRUE,3,GEN,CEX
617,PhilosophersDyn,COL,03,ReachabilityDeadlock,00,TRUE,3,NONE,CEX
618,PhilosophersDyn,COL,10,ReachabilityDeadlock,00,TRUE,2,NONE,CEX
619,PhilosophersDyn,COL,20,ReachabilityDeadlock,00,TRUE,2,NONE,CEX
620,PhilosophersDyn,COL,50,ReachabilityDeadlock,00,TRUE,1,NONE,CEX
621,PhilosophersDyn,COL,80,ReachabilityDeadlock,00,TRUE,1,NONE,CEX
622,Planning,PT,none,ReachabilityDeadlock,00,FALSE,3,NONE,INV
623,PolyORBLF,COL,S02J04T06,ReachabilityDeadlock,00,TRUE,3,NONE,CEX
624,PolyORBLF,COL,S02J04T08,ReachabilityDeadlock,00,TRUE,3,NONE,CEX
625,PolyORBLF,COL,S02J04T10,ReachabilityDeadlock,00,TRUE,3,NONE,CEX
626,PolyORBLF,COL,S02J06T06,ReachabilityDeadlock,00,TRUE,3,NONE,CEX
627,PolyORBLF,COL,S02J06T08,ReachabilityDeadlock,00,TRUE,3,NONE,CEX
628,PolyORBLF,COL,S02J06T10,ReachabilityDeadlock,00,TRUE,3,NONE,CEX
629,PolyORBLF,COL,S04J04T06,ReachabilityDeadlock,00,TRUE,2,NONE,CEX
630,PolyORBLF,COL,S04J04T08,ReachabilityDeadlock,00,TRUE,2,NONE,CEX
631,PolyORBLF,COL,S04J04T10,ReachabilityDeadlock,00,TRUE,2,NONE,CEX
632,PolyORBLF,COL,S04J06T06,ReachabilityDeadlock,00,TRUE,2,NONE,CEX
633,PolyORBLF,COL,S04J06T08,ReachabilityDeadlock,00,TRUE,2,NONE,CEX
634,PolyORBLF,COL,S04J06T10,ReachabilityDeadlock,00,TRUE,2,NONE,CEX
635,PolyORBLF,COL,S06J04T04,ReachabilityDeadlock,00,TRUE,2,NONE,CEX
636,PolyORBLF,COL,S06J04T06,ReachabilityDeadlock,00,TRUE,3,NONE,CEX
637,PolyORBLF,COL,S06J04T08,ReachabilityDeadlock,00,TRUE,3,NONE,CEX
638,PolyORBLF,COL,S06J06T04,ReachabilityDeadlock,00,TRUE,3,NONE,CEX
639,PolyORBLF,COL,S06J06T06,ReachabilityDeadlock,00,TRUE,3,NONE,CEX
640,PolyORBLF,COL,S06J06T08,ReachabilityDeadlock,00,TRUE,3,NONE,CEX
641,PolyORBLF,PT,S02J04T06,ReachabilityDeadlock,00,TRUE,3,NONE,CEX
642,PolyORBLF,PT,S02J04T08,ReachabilityDeadlock,00,TRUE,3,NONE,CEX
643,PolyORBLF,PT,S02J04T10,ReachabilityDeadlock,00,TRUE,2,NONE,CEX
644,PolyORBLF,PT,S02J06T06,ReachabilityDeadlock,00,TRUE,3,NONE,CEX
645,PolyORBLF,PT,S02J06T08,ReachabilityDeadlock,00,TRUE,3,NONE,CEX
646,PolyORBLF,PT,S02J06T10,ReachabilityDeadlock,00,TRUE,3,NONE,CEX
647,PolyORBLF,PT,S04J04T06,ReachabilityDeadlock,00,TRUE,3,NONE,CEX
648,PolyORBLF,PT,S04J04T08,ReachabilityDeadlock,00,TRUE,3,NONE,CEX
649,PolyORBLF,PT,S04J04T10,ReachabilityDeadlock,00,TRUE,3,NONE,CEX
650,PolyORBLF,PT,S04J06T06,ReachabilityDeadlock,00,TRUE,3,NONE,CEX
651,PolyORBLF,PT,S04J06T08,ReachabilityDeadlock,00,TRUE,3,NONE,CEX
652,PolyORBLF,PT,S04J06T10,ReachabilityDeadlock,00,TRUE,3,NONE,CEX
653,PolyORBLF,PT,S06J06T08,ReachabilityDeadlock,00,TRUE,3,NONE,CEX
654,PolyORBNT,COL,S05J20,ReachabilityDeadlock,00,TRUE,3,NONE,CEX
655,PolyORBNT,COL,S05J30,ReachabilityDeadlock,00,TRUE,3,NONE,CEX
656,PolyORBNT,COL,S05J40,ReachabilityDeadlock,00,TRUE,3,NONE,CEX
657,PolyORBNT,COL,S05J60,ReachabilityDeadlock,00,TRUE,2,NONE,CEX
658,PolyORBNT,COL,S05J80,ReachabilityDeadlock,00,TRUE,3,NONE,CEX
659,PolyORBNT,COL,S10J20,ReachabilityDeadlock,00,TRUE,3,NONE,CEX
660,PolyORBNT,COL,S10J30,ReachabilityDeadlock,00,TRUE,3,NONE,CEX
661,PolyORBNT,COL,S10J40,ReachabilityDeadlock,00,TRUE,3,NONE,CEX
662,PolyORBNT,COL,S10J60,ReachabilityDeadlock,00,TRUE,3,NONE,CEX
663,PolyORBNT,COL,S10J80,ReachabilityDeadlock,00,TRUE,2,NONE,CEX
664,QuasiCertifProtocol,COL,02,ReachabilityDeadlock,00,TRUE,3,NONE,CEX
665,QuasiCertifProtocol,COL,06,ReachabilityDeadlock,00,TRUE,3,NONE,CEX
666,QuasiCertifProtocol,COL,10,ReachabilityDeadlock,00,TRUE,3,NONE,CEX
667,QuasiCertifProtocol,COL,18,ReachabilityDeadlock,00,TRUE,2,NONE,CEX
668,QuasiCertifProtocol,COL,22,ReachabilityDeadlock,00,TRUE,2,NONE,CEX
669,QuasiCertifProtocol,COL,28,ReachabilityDeadlock,00,TRUE,2,NONE,CEX
670,QuasiCertifProtocol,COL,32,ReachabilityDeadlock,00,TRUE,2,NONE,CEX
671,QuasiCertifProtocol,PT,18,ReachabilityDeadlock,00,TRUE,3,NONE,CEX
672,QuasiCertifProtocol,PT,22,ReachabilityDeadlock,00,TRUE,3,NONE,CEX
673,QuasiCertifProtocol,PT,28,ReachabilityDeadlock,00,TRUE,3,NONE,CEX
674,QuasiCertifProtocol,PT,32,ReachabilityDeadlock,00,TRUE,3,NONE,CEX
675,Referendum,COL,0010,ReachabilityDeadlock,00,TRUE,3,NONE,CEX
676,Referendum,COL,0015,ReachabilityDeadlock,00,TRUE,3,NONE,CEX
677,Referendum,COL,0020,ReachabilityDeadlock,00,TRUE,3,NONE,CEX
678,Referendum,COL,0050,ReachabilityDeadlock,00,TRUE,3,NONE,CEX
679,Referendum,COL,0100,ReachabilityDeadlock,00,TRUE,3,NONE,CEX
680,Referendum,COL,0200,ReachabilityDeadlock,00,TRUE,3,NONE,CEX
681,Referendum,COL,0500,ReachabilityDeadlock,00,TRUE,3,NONE,CEX
682,Referendum,COL,1000,ReachabilityDeadlock,00,TRUE,3,NONE,CEX
683,Referendum,PT,0020,ReachabilityDeadlock,00,TRUE,3,GEN,CEX
684,Referendum,PT,0050,ReachabilityDeadlock,00,TRUE,3,GEN,CEX
685,Referendum,PT,0100,ReachabilityDeadlock,00,TRUE,3,GEN,CEX
686,Referendum,PT,0200,ReachabilityDeadlock,00,TRUE,3,GEN,CEX
687,Referendum,PT,0500,ReachabilityDeadlock,00,TRUE,3,GEN,CEX
688,Referendum,PT,1000,ReachabilityDeadlock,00,TRUE,3,GEN,CEX
689,RobotManipulation,PT,00100,ReachabilityDeadlock,00,FALSE,3,NONE,INV
690,RobotManipulation,PT,00200,ReachabilityDeadlock,00,FALSE,3,NONE,INV
691,RobotManipulation,PT,00500,ReachabilityDeadlock,00,FALSE,3,NONE,INV
692,RobotManipulation,PT,01000,ReachabilityDeadlock,00,FALSE,3,NONE,INV
693,RobotManipulation,PT,02000,ReachabilityDeadlock,00,FALSE,3,NONE,INV
694,RobotManipulation,PT,05000,ReachabilityDeadlock,00,FALSE,3,NONE,INV
695,RobotManipulation,PT,10000,ReachabilityDeadlock,00,FALSE,3,NONE,INV
696,RwMutex,PT,r0010w1000,ReachabilityDeadlock,00,FALSE,3,GEN,INV
697,RwMutex,PT,r0010w2000,ReachabilityDeadlock,00,FALSE,3,GEN,INV
698,RwMutex,PT,r0100w0010,ReachabilityDeadlock,00,FALSE,3,GEN,INV
699,RwMutex,PT,r0500w0010,ReachabilityDeadlock,00,FALSE,3,GEN,INV
700,RwMutex,PT,r1000w0010,ReachabilityDeadlock,00,FALSE,3,GEN,INV
701,RwMutex,PT,r2000w0010,ReachabilityDeadlock,00,FALSE,3,GEN,INV
702,SafeBus,COL,03,ReachabilityDeadlock,00,FALSE,3,NONE,INV
703,SafeBus,COL,06,ReachabilityDeadlock,00,FALSE,3,NONE,INV
704,SafeBus,PT,06,ReachabilityDeadlock,00,FALSE,3,GEN,INV
705,SharedMemory,COL,000005,ReachabilityDeadlock,00,FALSE,3,NONE,INV
706,SharedMemory,COL,000010,ReachabilityDeadlock,00,FALSE,3,NONE,INV
707,SharedMemory,COL,000020,ReachabilityDeadlock,00,FALSE,3,NONE,INV
708,SharedMemory,COL,000050,ReachabilityDeadlock,00,FALSE,2,NONE,INV
709,SharedMemory,COL,000100,ReachabilityDeadlock,00,FALSE,2,NONE,INV
710,SharedMemory,COL,000200,ReachabilityDeadlock,00,FALSE,2,NONE,INV
711,SharedMemory,PT,000020,ReachabilityDeadlock,00,FALSE,3,GEN,INV
712,SharedMemory,PT,000050,ReachabilityDeadlock,00,FALSE,3,GEN,INV
713,SharedMemory,PT,000100,ReachabilityDeadlock,00,FALSE,3,GEN,INV
714,SharedMemory,PT,000200,ReachabilityDeadlock,00,FALSE,2,GEN,INV
715,SimpleLoadBal,PT,10,ReachabilityDeadlock,00,FALSE,3,GEN,INV
716,SmallOperatingSystem,PT,MT0256DC0128,ReachabilityDeadlock,00,FALSE,3,NONE,INV
717,SmallOperatingSystem,PT,MT0512DC0128,ReachabilityDeadlock,00,FALSE,3,NONE,INV
718,SmallOperatingSystem,PT,MT0512DC0256,ReachabilityDeadlock,00,FALSE,3,NONE,INV
719,SmallOperatingSystem,PT,MT1024DC0256,ReachabilityDeadlock,00,FALSE,3,NONE,INV
720,SmallOperatingSystem,PT,MT1024DC0512,ReachabilityDeadlock,00,FALSE,3,NONE,INV
721,SmallOperatingSystem,PT,MT2048DC0512,ReachabilityDeadlock,00,FALSE,3,NONE,INV
722,SmallOperatingSystem,PT,MT2048DC1024,ReachabilityDeadlock,00,FALSE,3,NONE,INV
723,SmallOperatingSystem,PT,MT4096DC1024,ReachabilityDeadlock,00,FALSE,3,NONE,INV
724,SmallOperatingSystem,PT,MT4096DC2048,ReachabilityDeadlock,00,FALSE,3,NONE,INV
725,SmallOperatingSystem,PT,MT8192DC2048,ReachabilityDeadlock,00,FALSE,3,NONE,INV
726,SmallOperatingSystem,PT,MT8192DC4096,ReachabilityDeadlock,00,FALSE,3,NONE,INV
727,SquareGrid,PT,040204,ReachabilityDeadlock,00,TRUE,3,NONE,CEX
728,SquareGrid,PT,080408,ReachabilityDeadlock,00,TRUE,3,NONE,CEX
729,SquareGrid,PT,100510,ReachabilityDeadlock,00,TRUE,3,NONE,CEX
730,SquareGrid,PT,130613,ReachabilityDeadlock,00,TRUE,3,NONE,CEX
731,SwimmingPool,PT,10,ReachabilityDeadlock,00,FALSE,3,NONE,INV
732,TokenRing,COL,005,ReachabilityDeadlock,00,FALSE,3,NONE,INV
733,TokenRing,COL,010,ReachabilityDeadlock,00,FALSE,3,NONE,INV
734,TriangularGrid,PT,3026,ReachabilityDeadlock,00,TRUE,3,NONE,CEX
735,TriangularGrid,PT,4022,ReachabilityDeadlock,00,TRUE,3,NONE,CEX
736,TriangularGrid,PT,5020,ReachabilityDeadlock,00,TRUE,3,NONE,CEX
737,TriangularGrid,PT,5046,ReachabilityDeadlock,00,TRUE,3,NONE,CEX
738,ASLink,PT,01b,ReachabilityDeadlock,00,TRUE,3,NUPN,CEX
739,ASLink,PT,02b,ReachabilityDeadlock,00,TRUE,3,NUPN,CEX
740,ASLink,PT,03b,ReachabilityDeadlock,00,TRUE,3,NUPN,CEX
741,ASLink,PT,04a,ReachabilityDeadlock,00,TRUE,3,NUPN,CEX
742,ASLink,PT,04b,ReachabilityDeadlock,00,TRUE,3,NUPN,CEX
743,ASLink,PT,05a,ReachabilityDeadlock,00,TRUE,3,NUPN,CEX
744,ASLink,PT,05b,ReachabilityDeadlock,00,TRUE,3,NUPN,CEX
745,ASLink,PT,06a,ReachabilityDeadlock,00,TRUE,3,NUPN,CEX
746,ASLink,PT,06b,ReachabilityDeadlock,00,TRUE,2,NUPN,CEX
747,ASLink,PT,07a,ReachabilityDeadlock,00,TRUE,3,NUPN,CEX
748,ASLink,PT,07b,ReachabilityDeadlock,00,TRUE,2,NUPN,CEX
749,ASLink,PT,08a,ReachabilityDeadlock,00,TRUE,3,NUPN,CEX
750,ASLink,PT,08b,ReachabilityDeadlock,00,TRUE,2,NUPN,CEX
751,ASLink,PT,09a,ReachabilityDeadlock,00,TRUE,3,NUPN,CEX
752,ASLink,PT,09b,ReachabilityDeadlock,00,TRUE,2,NUPN,CEX
753,ASLink,PT,10a,ReachabilityDeadlock,00,TRUE,3,NUPN,CEX
754,ASLink,PT,10b,ReachabilityDeadlock,00,TRUE,2,NUPN,CEX
755,BusinessProcesses,PT,04,ReachabilityDeadlock,00,TRUE,3,NUPN,CEX
756,BusinessProcesses,PT,05,ReachabilityDeadlock,00,TRUE,3,NUPN,CEX
757,BusinessProcesses,PT,07,ReachabilityDeadlock,00,TRUE,2,NUPN,CEX
758,BusinessProcesses,PT,08,ReachabilityDeadlock,00,TRUE,3,NUPN,CEX
759,BusinessProcesses,PT,09,ReachabilityDeadlock,00,TRUE,3,NUPN,CEX
760,BusinessProcesses,PT,10,ReachabilityDeadlock,00,TRUE,3,NUPN,CEX
761,BusinessProcesses,PT,11,ReachabilityDeadlock,00,TRUE,3,NUPN,CEX
762,BusinessProcesses,PT,12,ReachabilityDeadlock,00,TRUE,3,NUPN,CEX
763,BusinessProcesses,PT,13,ReachabilityDeadlock,00,TRUE,3,NUPN,CEX
764,BusinessProcesses,PT,14,ReachabilityDeadlock,00,TRUE,3,NUPN,CEX
765,BusinessProcesses,PT,15,ReachabilityDeadlock,00,TRUE,3,NUPN,CEX
766,BusinessProcesses,PT,16,ReachabilityDeadlock,00,TRUE,3,NUPN,CEX
767,BusinessProcesses,PT,17,ReachabilityDeadlock,00,TRUE,3,NUPN,CEX
768,BusinessProcesses,PT,18,ReachabilityDeadlock,00,TRUE,3,NUPN,CEX
769,BusinessProcesses,PT,19,ReachabilityDeadlock,00,TRUE,3,NUPN,CEX
770,BusinessProcesses,PT,20,ReachabilityDeadlock,00,TRUE,3,NUPN,CEX
771,DLCflexbar,PT,2b,ReachabilityDeadlock,00,TRUE,2,NUPN,CEX
772,DLCflexbar,PT,3b,ReachabilityDeadlock,00,TRUE,2,NUPN,CEX
773,DLCflexbar,PT,4a,ReachabilityDeadlock,00,FALSE,2,NUPN,INV
774,DLCflexbar,PT,4b,ReachabilityDeadlock,00,TRUE,2,NUPN,CEX
775,DLCflexbar,PT,5a,ReachabilityDeadlock,00,FALSE,2,NUPN,INV
776,DLCflexbar,PT,5b,ReachabilityDeadlock,00,TRUE,2,NUPN,CEX
777,DLCflexbar,PT,6a,ReachabilityDeadlock,00,FALSE,2,NUPN,INV
778,DLCflexbar,PT,7a,ReachabilityDeadlock,00,FALSE,2,NUPN,INV
779,DLCflexbar,PT,8a,ReachabilityDeadlock,00,FALSE,2,NUPN,INV
780,DiscoveryGPU,PT,06b,ReachabilityDeadlock,00,TRUE,3,NUPN,CEX
781,DiscoveryGPU,PT,07b,ReachabilityDeadlock,00,TRUE,3,NUPN,CEX
782,DiscoveryGPU,PT,08b,ReachabilityDeadlock,00,TRUE,3,NUPN,CEX
783,DiscoveryGPU,PT,09b,ReachabilityDeadlock,00,TRUE,3,NUPN,CEX
784,DiscoveryGPU,PT,10b,ReachabilityDeadlock,00,TRUE,3,NUPN,CEX
785,DiscoveryGPU,PT,11b,ReachabilityDeadlock,00,TRUE,3,NUPN,CEX
786,DiscoveryGPU,PT,12b,ReachabilityDeadlock,00,TRUE,3,NUPN,CEX
787,DiscoveryGPU,PT,13b,ReachabilityDeadlock,00,TRUE,3,NUPN,CEX
788,DiscoveryGPU,PT,14b,ReachabilityDeadlock,00,TRUE,3,NUPN,CEX
789,DiscoveryGPU,PT,15b,ReachabilityDeadlock,00,TRUE,3,NUPN,CEX
790,DoubleExponent,PT,020,ReachabilityDeadlock,00,TRUE,3,NONE,CEX
791,MAPKbis,PT,5320,ReachabilityDeadlock,00,TRUE,3,GEN,CEX
792,NQueens,PT,15,ReachabilityDeadlock,00,TRUE,2,GEN,CEX
793,NQueens,PT,20,ReachabilityDeadlock,00,TRUE,2,GEN,CEX
794,NQueens,PT,25,ReachabilityDeadlock,00,TRUE,2,GEN,CEX
795,NQueens,PT,30,ReachabilityDeadlock,00,TRUE,2,GEN,CEX
796,RERS17pb113,PT,1,ReachabilityDeadlock,00,TRUE,3,NUPN,CEX
797,RERS17pb113,PT,2,ReachabilityDeadlock,00,TRUE,3,NONE,CEX
798,RERS17pb113,PT,3,ReachabilityDeadlock,00,TRUE,3,NONE,CEX
799,RERS17pb113,PT,4,ReachabilityDeadlock,00,TRUE,3,NONE,CEX
800,RERS17pb113,PT,5,ReachabilityDeadlock,00,TRUE,3,NONE,CEX
801,RERS17pb113,PT,6,ReachabilityDeadlock,00,TRUE,3,NONE,CEX
802,RERS17pb113,PT,7,ReachabilityDeadlock,00,TRUE,3,NONE,CEX
803,RERS17pb113,PT,8,ReachabilityDeadlock,00,TRUE,3,NONE,CEX
804,RERS17pb113,PT,9,ReachabilityDeadlock,00,TRUE,3,NONE,CEX
805,RefineWMG,PT,002002,ReachabilityDeadlock,00,FALSE,3,NONE,INV
806,RefineWMG,PT,002003,ReachabilityDeadlock,00,FALSE,3,NONE,INV
807,RefineWMG,PT,005005,ReachabilityDeadlock,00,FALSE,3,NONE,INV
808,RefineWMG,PT,005006,ReachabilityDeadlock,00,FALSE,3,NONE,INV
809,RefineWMG,PT,007007,ReachabilityDeadlock,00,FALSE,3,NONE,INV
810,RefineWMG,PT,007008,ReachabilityDeadlock,00,FALSE,3,NONE,INV
811,RefineWMG,PT,010010,ReachabilityDeadlock,00,FALSE,3,NONE,INV
812,RefineWMG,PT,010011,ReachabilityDeadlock,00,FALSE,3,NONE,INV
813,RefineWMG,PT,015015,ReachabilityDeadlock,00,FALSE,3,NONE,INV
814,RefineWMG,PT,015016,ReachabilityDeadlock,00,FALSE,3,NONE,INV
815,RefineWMG,PT,025025,ReachabilityDeadlock,00,FALSE,3,NONE,INV
816,RefineWMG,PT,025026,ReachabilityDeadlock,00,FALSE,3,NONE,INV
817,RefineWMG,PT,050050,ReachabilityDeadlock,00,FALSE,3,NONE,INV
818,RefineWMG,PT,050051,ReachabilityDeadlock,00,FALSE,3,NONE,INV
819,RefineWMG,PT,100100,ReachabilityDeadlock,00,FALSE,3,NONE,INV
820,RefineWMG,PT,100101,ReachabilityDeadlock,00,FALSE,3,NONE,INV
821,Angiogenesis,PT,25,ReachabilityDeadlock,00,TRUE,3,NONE,CEX
822,DLCshifumi,PT,5b,ReachabilityDeadlock,00,TRUE,3,NUPN,CEX
823,DLCshifumi,PT,6b,ReachabilityDeadlock,00,TRUE,3,NUPN,CEX
824,Dekker,PT,050,ReachabilityDeadlock,00,FALSE,3,GEN,INV
825,Dekker,PT,100,ReachabilityDeadlock,00,FALSE,3,GEN,INV
826,HexagonalGrid,PT,816,ReachabilityDeadlock,00,TRUE,3,NONE,CEX
827,HypercubeGrid,PT,C5K3P3B15,ReachabilityDeadlock,00,TRUE,3,NONE,CEX
828,HypertorusGrid,PT,d4k3p2b08,ReachabilityDeadlock,00,TRUE,3,NONE,CEX
829,HypertorusGrid,PT,d5k3p2b10,ReachabilityDeadlock,00,TRUE,3,NONE,CEX
830,Philosophers,COL,005000,ReachabilityDeadlock,00,TRUE,2,NONE,CEX
831,Philosophers,COL,010000,ReachabilityDeadlock,00,TRUE,1,NONE,CEX
832,Philosophers,PT,000200,ReachabilityDeadlock,00,TRUE,3,GEN,CEX
833,Philosophers,PT,000500,ReachabilityDeadlock,00,TRUE,2,GEN,CEX
834,Philosophers,PT,001000,ReachabilityDeadlock,00,TRUE,2,GEN,CEX
835,Philosophers,PT,002000,ReachabilityDeadlock,00,TRUE,2,GEN,CEX
836,Philosophers,PT,010000,ReachabilityDeadlock,00,TRUE,3,NONE,CEX
837,DLCflexbar,PT,6b,ReachabilityDeadlock,00,TRUE,1,NUPN,CEX
838,DLCflexbar,PT,7b,ReachabilityDeadlock,00,TRUE,1,NUPN,CEX
839,DLCflexbar,PT,8b,ReachabilityDeadlock,00,TRUE,1,NUPN,CEX
840,BART,COL,002,ReachabilityDeadlock,00,FALSE,1,NONE,INV
841,BART,COL,005,ReachabilityDeadlock,00,FALSE,1,NONE,INV
842,BART,COL,010,ReachabilityDeadlock,00,FALSE,1,NONE,INV
843,BART,COL,020,ReachabilityDeadlock,00,FALSE,1,NONE,INV
844,BART,COL,030,ReachabilityDeadlock,00,FALSE,1,NONE,INV
845,BART,COL,040,ReachabilityDeadlock,00,FALSE,1,NONE,INV
846,BART,COL,050,ReachabilityDeadlock,00,FALSE,1,NONE,INV
847,BART,COL,060,ReachabilityDeadlock,00,FALSE,1,NONE,INV
848,DatabaseWithMutex,PT,10,ReachabilityDeadlock,00,FALSE,1,GEN,INV
849,DatabaseWithMutex,PT,20,ReachabilityDeadlock,00,FALSE,1,GEN,INV
850,DatabaseWithMutex,PT,40,ReachabilityDeadlock,00,FALSE,1,GEN,INV
851,Dekker,PT,200,ReachabilityDeadlock,00,FALSE,1,GEN,INV
852,LamportFastMutEx,COL,5,ReachabilityDeadlock,00,FALSE,2,NONE,INV
853,LamportFastMutEx,PT,6,ReachabilityDeadlock,00,FALSE,2,GEN,INV
854,Peterson,COL,5,ReachabilityDeadlock,00,FALSE,1,NONE,INV
855,Peterson,COL,6,ReachabilityDeadlock,00,FALSE,1,NONE,INV
856,Peterson,COL,7,ReachabilityDeadlock,00,FALSE,1,NONE,INV
857,Peterson,PT,5,ReachabilityDeadlock,00,FALSE,1,GEN,INV
858,Peterson,PT,6,ReachabilityDeadlock,00,FALSE,1,GEN,INV
859,Peterson,PT,7,ReachabilityDeadlock,00,FALSE,1,GEN,INV
860,ProductionCell,PT,none,ReachabilityDeadlock,00,FALSE,3,NUPN,INV
861,Raft,PT,05,ReachabilityDeadlock,00,FALSE,2,NUPN,INV
862,Raft,PT,06,ReachabilityDeadlock,00,FALSE,2,NUPN,INV
863,Raft,PT,07,ReachabilityDeadlock,00,FALSE,2,NUPN,INV
864,Raft,PT,08,ReachabilityDeadlock,00,FALSE,3,NUPN,INV
865,Raft,PT,09,ReachabilityDeadlock,00,FALSE,3,NUPN,INV
866,Raft,PT,10,ReachabilityDeadlock,00,FALSE,3,NUPN,INV
867,Railroad,PT,020,ReachabilityDeadlock,00,FALSE,2,GEN,INV
868,Railroad,PT,050,ReachabilityDeadlock,00,FALSE,1,GEN,INV
869,Railroad,PT,100,ReachabilityDeadlock,00,FALSE,1,GEN,INV
870,TCPcondis,PT,15,ReachabilityDeadlock,00,FALSE,2,NONE,INV
871,TCPcondis,PT,20,ReachabilityDeadlock,00,FALSE,2,NONE,INV
872,TCPcondis,PT,25,ReachabilityDeadlock,00,FALSE,2,NONE,INV
873,TCPcondis,PT,30,ReachabilityDeadlock,00,FALSE,1,NONE,INV
874,TCPcondis,PT,35,ReachabilityDeadlock,00,FALSE,1,NONE,INV
875,TCPcondis,PT,40,ReachabilityDeadlock,00,FALSE,1,NONE,INV
876,TCPcondis,PT,50,ReachabilityDeadlock,00,FALSE,1,NONE,INV
877,TokenRing,COL,015,ReachabilityDeadlock,00,FALSE,1,NONE,INV
878,TokenRing,COL,020,ReachabilityDeadlock,00,FALSE,1,NONE,INV
879,TokenRing,COL,030,ReachabilityDeadlock,00,FALSE,1,NONE,INV
880,TokenRing,COL,040,ReachabilityDeadlock,00,FALSE,1,NONE,INV
881,TokenRing,PT,020,ReachabilityDeadlock,00,FALSE,1,GEN,INV
882,TokenRing,PT,030,ReachabilityDeadlock,00,FALSE,1,GEN,INV
883,TokenRing,PT,040,ReachabilityDeadlock,00,FALSE,1,GEN,INV
884,UtahNoC,PT,none,ReachabilityDeadlock,00,FALSE,3,NUPN,INV
885,LamportFastMutEx,COL,6,ReachabilityDeadlock,00,FALSE,2,NONE,INV
886,Philosophers,PT,005000,ReachabilityDeadlock,00,TRUE,1,NONE,CEX
887,SimpleLoadBal,PT,15,ReachabilityDeadlock,00,FALSE,1,GEN,INV
888,SimpleLoadBal,PT,20,ReachabilityDeadlock,00,FALSE,1,GEN,INV
