model,isSafe,isNUPN,isGenNUPN
AirplaneLD-PT-0010,T,F,T
AirplaneLD-PT-0020,T,F,T
AirplaneLD-PT-0050,T,F,T
AirplaneLD-PT-0100,T,F,T
AirplaneLD-PT-0200,T,F,T
AirplaneLD-PT-0500,T,F,T
AirplaneLD-PT-1000,T,F,T
AirplaneLD-PT-2000,T,F,T
AirplaneLD-PT-4000,T,F,T
Anderson-PT-04,T,T,F
Anderson-PT-05,T,T,F
Anderson-PT-06,T,T,F
Anderson-PT-07,T,T,F
Anderson-PT-08,T,T,F
Anderson-PT-09,T,T,F
Anderson-PT-10,T,T,F
Anderson-PT-11,T,T,F
Anderson-PT-12,T,T,F
Angiogenesis-PT-01,T,F,T
Angiogenesis-PT-05,F,F,F
Angiogenesis-PT-10,F,F,F
Angiogenesis-PT-15,F,F,F
Angiogenesis-PT-20,F,F,F
Angiogenesis-PT-25,F,F,F
Angiogenesis-PT-50,F,F,F
ARMCacheCoherence-PT-none,T,T,F
ASLink-PT-01a,T,T,F
ASLink-PT-01b,T,T,F
ASLink-PT-02a,T,T,F
ASLink-PT-02b,T,T,F
ASLink-PT-03a,T,T,F
ASLink-PT-03b,T,T,F
ASLink-PT-04a,T,T,F
ASLink-PT-04b,T,T,F
ASLink-PT-05a,T,T,F
ASLink-PT-05b,T,T,F
ASLink-PT-06a,T,T,F
ASLink-PT-06b,T,T,F
ASLink-PT-07a,T,T,F
ASLink-PT-07b,T,T,F
ASLink-PT-08a,T,T,F
ASLink-PT-08b,T,T,F
ASLink-PT-09a,T,T,F
ASLink-PT-09b,T,T,F
ASLink-PT-10a,T,T,F
ASLink-PT-10b,T,T,F
AutoFlight-PT-01a,T,T,F
AutoFlight-PT-01b,T,T,F
AutoFlight-PT-02a,T,T,F
AutoFlight-PT-02b,T,T,F
AutoFlight-PT-03a,T,T,F
AutoFlight-PT-03b,T,T,F
AutoFlight-PT-04a,T,T,F
AutoFlight-PT-04b,T,T,F
AutoFlight-PT-05a,T,T,F
AutoFlight-PT-05b,T,T,F
AutoFlight-PT-06a,T,T,F
AutoFlight-PT-06b,T,T,F
AutoFlight-PT-12a,T,T,F
AutoFlight-PT-12b,T,T,F
AutoFlight-PT-24a,T,T,F
AutoFlight-PT-24b,T,T,F
AutoFlight-PT-48a,T,T,F
AutoFlight-PT-48b,T,T,F
AutoFlight-PT-96a,T,T,F
AutoFlight-PT-96b,T,T,F
AutonomousCar-PT-01a,T,T,F
AutonomousCar-PT-01b,T,T,F
AutonomousCar-PT-02a,T,T,F
AutonomousCar-PT-02b,T,T,F
AutonomousCar-PT-03a,T,T,F
AutonomousCar-PT-03b,T,T,F
AutonomousCar-PT-04a,T,T,F
AutonomousCar-PT-04b,T,T,F
AutonomousCar-PT-05a,T,T,F
AutonomousCar-PT-05b,T,T,F
AutonomousCar-PT-06a,T,T,F
AutonomousCar-PT-06b,T,T,F
AutonomousCar-PT-07a,T,T,F
AutonomousCar-PT-07b,T,T,F
AutonomousCar-PT-08a,T,T,F
AutonomousCar-PT-08b,T,T,F
AutonomousCar-PT-09a,T,T,F
AutonomousCar-PT-09b,T,T,F
AutonomousCar-PT-10a,T,T,F
AutonomousCar-PT-10b,T,T,F
BART-PT-002,T,F,T
BART-PT-005,T,F,T
BART-PT-010,T,F,T
BART-PT-020,T,F,T
BART-PT-030,T,F,T
BART-PT-040,T,F,T
BART-PT-050,T,F,T
BART-PT-060,T,F,T
BridgeAndVehicles-PT-V04P05N02,F,F,F
BridgeAndVehicles-PT-V10P10N10,F,F,F
BridgeAndVehicles-PT-V20P10N10,F,F,F
BridgeAndVehicles-PT-V20P10N20,F,F,F
BridgeAndVehicles-PT-V20P10N50,F,F,F
BridgeAndVehicles-PT-V20P20N10,F,F,F
BridgeAndVehicles-PT-V20P20N20,F,F,F
BridgeAndVehicles-PT-V20P20N50,F,F,F
BridgeAndVehicles-PT-V50P20N10,F,F,F
BridgeAndVehicles-PT-V50P20N20,F,F,F
BridgeAndVehicles-PT-V50P20N50,F,F,F
BridgeAndVehicles-PT-V50P50N10,F,F,F
BridgeAndVehicles-PT-V50P50N20,F,F,F
BridgeAndVehicles-PT-V50P50N50,F,F,F
BridgeAndVehicles-PT-V80P20N10,F,F,F
BridgeAndVehicles-PT-V80P20N20,F,F,F
BridgeAndVehicles-PT-V80P20N50,F,F,F
BridgeAndVehicles-PT-V80P50N10,F,F,F
BridgeAndVehicles-PT-V80P50N20,F,F,F
BridgeAndVehicles-PT-V80P50N50,F,F,F
BugTracking-PT-q3m002,F,F,F
BugTracking-PT-q3m004,F,F,F
BugTracking-PT-q3m008,F,F,F
BugTracking-PT-q3m016,F,F,F
BugTracking-PT-q3m032,F,F,F
BugTracking-PT-q3m064,F,F,F
BugTracking-PT-q3m128,F,F,F
BugTracking-PT-q3m256,F,F,F
BugTracking-PT-q8m002,F,F,F
BugTracking-PT-q8m004,F,F,F
BugTracking-PT-q8m008,F,F,F
BugTracking-PT-q8m016,F,F,F
BugTracking-PT-q8m032,F,F,F
BugTracking-PT-q8m064,F,F,F
BugTracking-PT-q8m128,F,F,F
BugTracking-PT-q8m256,F,F,F
BusinessProcesses-PT-01,T,T,F
BusinessProcesses-PT-02,T,T,F
BusinessProcesses-PT-03,T,T,F
BusinessProcesses-PT-04,T,T,F
BusinessProcesses-PT-05,T,T,F
BusinessProcesses-PT-06,T,T,F
BusinessProcesses-PT-07,T,T,F
BusinessProcesses-PT-08,T,T,F
BusinessProcesses-PT-09,T,T,F
BusinessProcesses-PT-10,T,T,F
BusinessProcesses-PT-11,T,T,F
BusinessProcesses-PT-12,T,T,F
BusinessProcesses-PT-13,T,T,F
BusinessProcesses-PT-14,T,T,F
BusinessProcesses-PT-15,T,T,F
BusinessProcesses-PT-16,T,T,F
BusinessProcesses-PT-17,T,T,F
BusinessProcesses-PT-18,T,T,F
BusinessProcesses-PT-19,T,T,F
BusinessProcesses-PT-20,T,T,F
CANConstruction-PT-005,F,F,F
CANConstruction-PT-010,F,F,F
CANConstruction-PT-020,F,F,F
CANConstruction-PT-030,F,F,F
CANConstruction-PT-040,F,F,F
CANConstruction-PT-050,F,F,F
CANConstruction-PT-060,F,F,F
CANConstruction-PT-070,F,F,F
CANConstruction-PT-080,F,F,F
CANConstruction-PT-090,F,F,F
CANConstruction-PT-100,F,F,F
CANInsertWithFailure-PT-005,F,F,F
CANInsertWithFailure-PT-010,F,F,F
CANInsertWithFailure-PT-020,F,F,F
CANInsertWithFailure-PT-030,F,F,F
CANInsertWithFailure-PT-040,F,F,F
CANInsertWithFailure-PT-050,F,F,F
CANInsertWithFailure-PT-060,F,F,F
CANInsertWithFailure-PT-070,F,F,F
CANInsertWithFailure-PT-080,F,F,F
CANInsertWithFailure-PT-090,F,F,F
CANInsertWithFailure-PT-100,F,F,F
CircadianClock-PT-000001,T,F,T
CircadianClock-PT-000010,F,F,F
CircadianClock-PT-000100,F,F,F
CircadianClock-PT-001000,F,F,F
CircadianClock-PT-010000,F,F,F
CircadianClock-PT-100000,F,F,F
CircularTrains-PT-012,F,F,F
CircularTrains-PT-024,F,F,F
CircularTrains-PT-048,F,F,F
CircularTrains-PT-096,F,F,F
CircularTrains-PT-192,F,F,F
CircularTrains-PT-384,F,F,F
CircularTrains-PT-768,F,F,F
ClientsAndServers-PT-N0001P0,F,F,F
ClientsAndServers-PT-N0002P0,F,F,F
ClientsAndServers-PT-N0002P1,F,F,F
ClientsAndServers-PT-N0005P0,F,F,F
ClientsAndServers-PT-N0005P1,F,F,F
ClientsAndServers-PT-N0010P0,F,F,F
ClientsAndServers-PT-N0010P1,F,F,F
ClientsAndServers-PT-N0010P2,F,F,F
ClientsAndServers-PT-N0020P0,F,F,F
ClientsAndServers-PT-N0020P1,F,F,F
ClientsAndServers-PT-N0020P2,F,F,F
ClientsAndServers-PT-N0020P3,F,F,F
ClientsAndServers-PT-N0020P4,F,F,F
ClientsAndServers-PT-N0050P0,F,F,F
ClientsAndServers-PT-N0100P0,F,F,F
ClientsAndServers-PT-N0200P0,F,F,F
ClientsAndServers-PT-N0500P0,F,F,F
ClientsAndServers-PT-N1000P0,F,F,F
ClientsAndServers-PT-N2000P0,F,F,F
ClientsAndServers-PT-N5000P0,F,F,F
CloudDeployment-PT-2a,T,T,F
CloudDeployment-PT-2b,T,T,F
CloudDeployment-PT-3a,T,T,F
CloudDeployment-PT-3b,T,T,F
CloudDeployment-PT-4a,T,T,F
CloudDeployment-PT-4b,T,T,F
CloudDeployment-PT-5a,T,T,F
CloudDeployment-PT-5b,T,T,F
CloudDeployment-PT-6a,T,T,F
CloudDeployment-PT-6b,T,T,F
CloudDeployment-PT-7a,T,T,F
CloudDeployment-PT-7b,T,T,F
CloudOpsManagement-PT-00002by00001,F,F,F
CloudOpsManagement-PT-00005by00002,F,F,F
CloudOpsManagement-PT-00010by00005,F,F,F
CloudOpsManagement-PT-00020by00010,F,F,F
CloudOpsManagement-PT-00040by00020,F,F,F
CloudOpsManagement-PT-00080by00040,F,F,F
CloudOpsManagement-PT-00160by00080,F,F,F
CloudOpsManagement-PT-00320by00160,F,F,F
CloudOpsManagement-PT-00640by00320,F,F,F
CloudOpsManagement-PT-01280by00640,F,F,F
CloudOpsManagement-PT-02560by01280,F,F,F
CloudOpsManagement-PT-05120by02560,F,F,F
CloudOpsManagement-PT-10240by05120,F,F,F
CloudOpsManagement-PT-20480by10240,F,F,F
CloudReconfiguration-PT-301,T,T,F
CloudReconfiguration-PT-302,T,T,F
CloudReconfiguration-PT-303,T,T,F
CloudReconfiguration-PT-304,T,T,F
CloudReconfiguration-PT-305,T,T,F
CloudReconfiguration-PT-306,T,T,F
CloudReconfiguration-PT-307,T,T,F
CloudReconfiguration-PT-308,T,T,F
CloudReconfiguration-PT-309,T,T,F
CloudReconfiguration-PT-310,T,T,F
CloudReconfiguration-PT-311,T,T,F
CloudReconfiguration-PT-312,T,T,F
CloudReconfiguration-PT-313,T,T,F
CloudReconfiguration-PT-314,T,T,F
CloudReconfiguration-PT-315,T,T,F
CloudReconfiguration-PT-316,T,T,F
CloudReconfiguration-PT-317,T,T,F
CloudReconfiguration-PT-318,T,T,F
CloudReconfiguration-PT-319,T,T,F
CloudReconfiguration-PT-320,T,T,F
CloudReconfiguration-PT-401,T,T,F
CloudReconfiguration-PT-402,T,T,F
CryptoMiner-PT-D03N000,F,F,F
CryptoMiner-PT-D05N000,F,F,F
CryptoMiner-PT-D10N000,F,F,F
CryptoMiner-PT-D10N100,F,F,F
CryptoMiner-PT-D20N100,F,F,F
CryptoMiner-PT-D03N010,F,F,F
CryptoMiner-PT-D03N100,F,F,F
CryptoMiner-PT-D05N100,F,F,F
CryptoMiner-PT-D05N250,F,F,F
CSRepetitions-PT-02,F,F,F
CSRepetitions-PT-03,F,F,F
CSRepetitions-PT-04,F,F,F
CSRepetitions-PT-05,F,F,F
CSRepetitions-PT-07,F,F,F
CSRepetitions-PT-10,F,F,F
DatabaseWithMutex-PT-02,T,F,T
DatabaseWithMutex-PT-04,T,F,T
DatabaseWithMutex-PT-10,T,F,T
DatabaseWithMutex-PT-20,T,F,T
DatabaseWithMutex-PT-40,T,F,T
DBSingleClientW-PT-d0m04,F,F,F
DBSingleClientW-PT-d0m05,F,F,F
DBSingleClientW-PT-d0m06,F,F,F
DBSingleClientW-PT-d0m07,F,F,F
DBSingleClientW-PT-d0m08,F,F,F
DBSingleClientW-PT-d0m09,F,F,F
DBSingleClientW-PT-d0m10,F,F,F
DBSingleClientW-PT-d1m04,F,F,F
DBSingleClientW-PT-d1m05,F,F,F
DBSingleClientW-PT-d1m06,F,F,F
DBSingleClientW-PT-d1m07,F,F,F
DBSingleClientW-PT-d1m08,F,F,F
DBSingleClientW-PT-d1m09,F,F,F
DBSingleClientW-PT-d1m10,F,F,F
DBSingleClientW-PT-d2m04,F,F,F
DBSingleClientW-PT-d2m05,F,F,F
DBSingleClientW-PT-d2m06,F,F,F
DBSingleClientW-PT-d2m07,F,F,F
DBSingleClientW-PT-d2m08,F,F,F
DBSingleClientW-PT-d2m09,F,F,F
DBSingleClientW-PT-d2m10,F,F,F
Dekker-PT-010,T,F,T
Dekker-PT-015,T,F,T
Dekker-PT-020,T,F,T
Dekker-PT-050,T,F,T
Dekker-PT-100,T,F,T
Dekker-PT-200,T,F,T
DES-PT-00a,T,T,F
DES-PT-00b,T,T,F
DES-PT-01a,T,T,F
DES-PT-01b,T,T,F
DES-PT-02a,T,T,F
DES-PT-02b,T,T,F
DES-PT-05a,T,T,F
DES-PT-05b,T,T,F
DES-PT-10a,T,T,F
DES-PT-10b,T,T,F
DES-PT-20a,T,T,F
DES-PT-20b,T,T,F
DES-PT-30a,T,T,F
DES-PT-30b,T,T,F
DES-PT-40a,T,T,F
DES-PT-40b,T,T,F
DES-PT-50a,T,T,F
DES-PT-50b,T,T,F
DES-PT-60a,T,T,F
DES-PT-60b,T,T,F
Diffusion2D-PT-D05N010,F,F,F
Diffusion2D-PT-D05N050,F,F,F
Diffusion2D-PT-D05N100,F,F,F
Diffusion2D-PT-D05N150,F,F,F
Diffusion2D-PT-D05N200,F,F,F
Diffusion2D-PT-D05N250,F,F,F
Diffusion2D-PT-D05N300,F,F,F
Diffusion2D-PT-D05N350,F,F,F
Diffusion2D-PT-D10N010,F,F,F
Diffusion2D-PT-D10N050,F,F,F
Diffusion2D-PT-D10N100,F,F,F
Diffusion2D-PT-D10N150,F,F,F
Diffusion2D-PT-D10N200,F,F,F
Diffusion2D-PT-D20N010,F,F,F
Diffusion2D-PT-D20N050,F,F,F
Diffusion2D-PT-D20N100,F,F,F
Diffusion2D-PT-D20N150,F,F,F
Diffusion2D-PT-D30N010,F,F,F
Diffusion2D-PT-D30N050,F,F,F
Diffusion2D-PT-D30N100,F,F,F
Diffusion2D-PT-D30N150,F,F,F
Diffusion2D-PT-D40N010,F,F,F
Diffusion2D-PT-D40N050,F,F,F
Diffusion2D-PT-D40N100,F,F,F
Diffusion2D-PT-D40N150,F,F,F
Diffusion2D-PT-D50N010,F,F,F
Diffusion2D-PT-D50N050,F,F,F
Diffusion2D-PT-D50N100,F,F,F
Diffusion2D-PT-D50N150,F,F,F
DiscoveryGPU-PT-06a,T,T,F
DiscoveryGPU-PT-06b,T,T,F
DiscoveryGPU-PT-07a,T,T,F
DiscoveryGPU-PT-07b,T,T,F
DiscoveryGPU-PT-08a,T,T,F
DiscoveryGPU-PT-08b,T,T,F
DiscoveryGPU-PT-09a,T,T,F
DiscoveryGPU-PT-09b,T,T,F
DiscoveryGPU-PT-10a,T,T,F
DiscoveryGPU-PT-10b,T,T,F
DiscoveryGPU-PT-11a,T,T,F
DiscoveryGPU-PT-11b,T,T,F
DiscoveryGPU-PT-12a,T,T,F
DiscoveryGPU-PT-12b,T,T,F
DiscoveryGPU-PT-13a,T,T,F
DiscoveryGPU-PT-13b,T,T,F
DiscoveryGPU-PT-14a,T,T,F
DiscoveryGPU-PT-14b,T,T,F
DiscoveryGPU-PT-15a,T,T,F
DiscoveryGPU-PT-15b,T,T,F
DLCflexbar-PT-2a,T,T,F
DLCflexbar-PT-2b,T,T,F
DLCflexbar-PT-3a,T,T,F
DLCflexbar-PT-3b,T,T,F
DLCflexbar-PT-4a,T,T,F
DLCflexbar-PT-4b,T,T,F
DLCflexbar-PT-5a,T,T,F
DLCflexbar-PT-5b,T,T,F
DLCflexbar-PT-6a,T,T,F
DLCflexbar-PT-6b,T,T,F
DLCflexbar-PT-7a,T,T,F
DLCflexbar-PT-7b,T,T,F
DLCflexbar-PT-8a,T,T,F
DLCflexbar-PT-8b,T,T,F
DLCround-PT-03a,T,T,F
DLCround-PT-03b,T,T,F
DLCround-PT-04a,T,T,F
DLCround-PT-04b,T,T,F
DLCround-PT-05a,T,T,F
DLCround-PT-05b,T,T,F
DLCround-PT-06a,T,T,F
DLCround-PT-06b,T,T,F
DLCround-PT-07a,T,T,F
DLCround-PT-07b,T,T,F
DLCround-PT-08a,T,T,F
DLCround-PT-08b,T,T,F
DLCround-PT-09a,T,T,F
DLCround-PT-09b,T,T,F
DLCround-PT-10a,T,T,F
DLCround-PT-10b,T,T,F
DLCround-PT-11a,T,T,F
DLCround-PT-11b,T,T,F
DLCround-PT-12a,T,T,F
DLCround-PT-12b,T,T,F
DLCround-PT-13a,T,T,F
DLCround-PT-13b,T,T,F
DLCshifumi-PT-2a,T,T,F
DLCshifumi-PT-2b,T,T,F
DLCshifumi-PT-3a,T,T,F
DLCshifumi-PT-3b,T,T,F
DLCshifumi-PT-4a,T,T,F
DLCshifumi-PT-4b,T,T,F
DLCshifumi-PT-5a,T,T,F
DLCshifumi-PT-5b,T,T,F
DLCshifumi-PT-6a,T,T,F
DLCshifumi-PT-6b,T,T,F
DNAwalker-PT-01track12Block1,F,F,F
DNAwalker-PT-02track12Block2,F,F,F
DNAwalker-PT-03track12BlockBoth,F,F,F
DNAwalker-PT-04track28LL,F,F,F
DNAwalker-PT-05track28LR,F,F,F
DNAwalker-PT-06track28RL,F,F,F
DNAwalker-PT-07track28RR,F,F,F
DNAwalker-PT-08ringLL,F,F,F
DNAwalker-PT-09ringLR,F,F,F
DNAwalker-PT-10ringRL,F,F,F
DNAwalker-PT-11ringRR,F,F,F
DNAwalker-PT-12ringLLLarge,F,F,F
DNAwalker-PT-13ringRLLarge,F,F,F
DNAwalker-PT-14ringLRLarge,F,F,F
DNAwalker-PT-15ringRRLarge,F,F,F
DNAwalker-PT-16redondantChoiceR,F,F,F
DNAwalker-PT-17redondantChoiceL,F,F,F
DNAwalker-PT-18lozangeBlock,F,F,F
DoubleExponent-PT-001,F,F,F
DoubleExponent-PT-002,F,F,F
DoubleExponent-PT-003,F,F,F
DoubleExponent-PT-004,F,F,F
DoubleExponent-PT-010,F,F,F
DoubleExponent-PT-020,F,F,F
DoubleExponent-PT-100,F,F,F
DoubleExponent-PT-200,F,F,F
DoubleLock-PT-p1s1,F,F,F
DoubleLock-PT-p1s2,F,F,F
DoubleLock-PT-p1s3,F,F,F
DoubleLock-PT-p2s1,F,F,F
DoubleLock-PT-p2s2,F,F,F
DoubleLock-PT-p3s1,F,F,F
DoubleLock-PT-p3s2,F,F,F
DoubleLock-PT-p3s3,F,F,F
DrinkVendingMachine-PT-02,F,F,F
DrinkVendingMachine-PT-10,F,F,F
Echo-PT-d02r09,T,F,T
Echo-PT-d02r11,T,F,T
Echo-PT-d02r15,T,F,T
Echo-PT-d02r19,T,F,T
Echo-PT-d03r03,T,F,T
Echo-PT-d03r05,T,F,T
Echo-PT-d03r07,T,F,T
Echo-PT-d04r03,T,F,T
Echo-PT-d05r03,T,F,T
EGFr-PT-02010,T,F,T
EGFr-PT-10420,T,F,T
EGFr-PT-10421,T,F,F
EisenbergMcGuire-PT-03,T,T,F
EisenbergMcGuire-PT-04,T,T,F
EisenbergMcGuire-PT-05,T,T,F
EisenbergMcGuire-PT-06,T,T,F
EisenbergMcGuire-PT-07,T,T,F
EisenbergMcGuire-PT-08,T,T,F
EisenbergMcGuire-PT-09,T,T,F
EisenbergMcGuire-PT-10,T,T,F
Election2020-PT-none,F,F,F
EnergyBus-PT-none,T,T,F
Eratosthenes-PT-010,T,F,F
Eratosthenes-PT-020,T,F,F
Eratosthenes-PT-050,T,F,F
Eratosthenes-PT-100,T,F,F
Eratosthenes-PT-200,T,F,F
Eratosthenes-PT-500,T,F,F
ERK-PT-000001,T,F,T
ERK-PT-000010,F,F,F
ERK-PT-000100,F,F,F
ERK-PT-001000,F,F,F
ERK-PT-010000,F,F,F
ERK-PT-100000,F,F,F
FamilyReunion-PT-L00010M0001C001P001G001,F,F,F
FamilyReunion-PT-L00020M0002C001P001G001,F,F,F
FamilyReunion-PT-L00050M0005C002P002G001,F,F,F
FamilyReunion-PT-L00100M0010C005P005G002,F,F,F
FamilyReunion-PT-L00200M0020C010P010G005,F,F,F
FamilyReunion-PT-L00400M0040C020P020G001,F,F,F
FlexibleBarrier-PT-04a,T,T,F
FlexibleBarrier-PT-04b,T,T,F
FlexibleBarrier-PT-06a,T,T,F
FlexibleBarrier-PT-06b,T,T,F
FlexibleBarrier-PT-08a,T,T,F
FlexibleBarrier-PT-08b,T,T,F
FlexibleBarrier-PT-10a,T,T,F
FlexibleBarrier-PT-10b,T,T,F
FlexibleBarrier-PT-12a,T,T,F
FlexibleBarrier-PT-12b,T,T,F
FlexibleBarrier-PT-14a,T,T,F
FlexibleBarrier-PT-14b,T,T,F
FlexibleBarrier-PT-16a,T,T,F
FlexibleBarrier-PT-16b,T,T,F
FlexibleBarrier-PT-18a,T,T,F
FlexibleBarrier-PT-18b,T,T,F
FlexibleBarrier-PT-20a,T,T,F
FlexibleBarrier-PT-20b,T,T,F
FlexibleBarrier-PT-22a,T,T,F
FlexibleBarrier-PT-22b,T,T,F
FMS-PT-00002,F,F,F
FMS-PT-00005,F,F,F
FMS-PT-00010,F,F,F
FMS-PT-00020,F,F,F
FMS-PT-00050,F,F,F
FMS-PT-00100,F,F,F
FMS-PT-00200,F,F,F
FMS-PT-00500,F,F,F
FMS-PT-01000,F,F,F
FMS-PT-02000,F,F,F
FMS-PT-05000,F,F,F
FMS-PT-10000,F,F,F
FMS-PT-20000,F,F,F
FMS-PT-50000,F,F,F
FunctionPointer-PT-a002,F,F,F
FunctionPointer-PT-a004,F,F,F
FunctionPointer-PT-a008,F,F,F
FunctionPointer-PT-a016,F,F,F
FunctionPointer-PT-a032,F,F,F
FunctionPointer-PT-a064,F,F,F
FunctionPointer-PT-a128,F,F,F
FunctionPointer-PT-b002,F,F,F
FunctionPointer-PT-b004,F,F,F
FunctionPointer-PT-b008,F,F,F
FunctionPointer-PT-b016,F,F,F
FunctionPointer-PT-b032,F,F,F
FunctionPointer-PT-b064,F,F,F
FunctionPointer-PT-b128,F,F,F
FunctionPointer-PT-c002,F,F,F
FunctionPointer-PT-c004,F,F,F
FunctionPointer-PT-c008,F,F,F
FunctionPointer-PT-c016,F,F,F
FunctionPointer-PT-c032,F,F,F
FunctionPointer-PT-c064,F,F,F
FunctionPointer-PT-c128,F,F,F
GlobalResAllocation-PT-03,F,F,F
GlobalResAllocation-PT-05,F,F,F
GPPP-PT-C0001N0000000001,F,F,F
GPPP-PT-C0001N0000000010,F,F,F
GPPP-PT-C0001N0000000100,F,F,F
GPPP-PT-C0001N0000001000,F,F,F
GPPP-PT-C0001N0000010000,F,F,F
GPPP-PT-C0001N0000100000,F,F,F
GPPP-PT-C0010N0000000010,F,F,F
GPPP-PT-C0010N0000000100,F,F,F
GPPP-PT-C0010N1000000000,F,F,F
GPPP-PT-C0100N0000000010,F,F,F
GPPP-PT-C0100N0000000100,F,F,F
GPPP-PT-C0100N0000001000,F,F,F
GPPP-PT-C0100N0000010000,F,F,F
GPPP-PT-C0100N0000100000,F,F,F
GPPP-PT-C1000N0000000010,F,F,F
GPPP-PT-C1000N0000000100,F,F,F
GPPP-PT-C1000N0000001000,F,F,F
GPUForwardProgress-PT-04a,T,T,F
GPUForwardProgress-PT-04b,T,T,F
GPUForwardProgress-PT-08a,T,T,F
GPUForwardProgress-PT-08b,T,T,F
GPUForwardProgress-PT-12a,T,T,F
GPUForwardProgress-PT-12b,T,T,F
GPUForwardProgress-PT-16a,T,T,F
GPUForwardProgress-PT-16b,T,T,F
GPUForwardProgress-PT-20a,T,T,F
GPUForwardProgress-PT-20b,T,T,F
GPUForwardProgress-PT-24a,T,T,F
GPUForwardProgress-PT-24b,T,T,F
GPUForwardProgress-PT-28a,T,T,F
GPUForwardProgress-PT-28b,T,T,F
GPUForwardProgress-PT-32a,T,T,F
GPUForwardProgress-PT-32b,T,T,F
GPUForwardProgress-PT-36a,T,T,F
GPUForwardProgress-PT-36b,T,T,F
GPUForwardProgress-PT-40a,T,T,F
GPUForwardProgress-PT-40b,T,T,F
HealthRecord-PT-01,T,T,F
HealthRecord-PT-02,T,T,F
HealthRecord-PT-03,T,T,F
HealthRecord-PT-04,T,T,F
HealthRecord-PT-05,T,T,F
HealthRecord-PT-06,T,T,F
HealthRecord-PT-07,T,T,F
HealthRecord-PT-08,T,T,F
HealthRecord-PT-09,T,T,F
HealthRecord-PT-10,T,T,F
HealthRecord-PT-11,T,T,F
HealthRecord-PT-12,T,T,F
HealthRecord-PT-13,T,T,F
HealthRecord-PT-14,T,T,F
HealthRecord-PT-15,T,T,F
HealthRecord-PT-16,T,T,F
HealthRecord-PT-17,T,T,F
HexagonalGrid-PT-110,F,F,F
HexagonalGrid-PT-126,F,F,F
HexagonalGrid-PT-226,F,F,F
HexagonalGrid-PT-316,F,F,F
HexagonalGrid-PT-410,F,F,F
HexagonalGrid-PT-516,F,F,F
HexagonalGrid-PT-816,F,F,F
HirschbergSinclair-PT-05,F,F,F
HirschbergSinclair-PT-10,F,F,F
HirschbergSinclair-PT-15,F,F,F
HirschbergSinclair-PT-20,F,F,F
HirschbergSinclair-PT-25,F,F,F
HirschbergSinclair-PT-30,F,F,F
HirschbergSinclair-PT-35,F,F,F
HirschbergSinclair-PT-40,F,F,F
HirschbergSinclair-PT-45,F,F,F
HirschbergSinclair-PT-50,F,F,F
HospitalTriage-PT-none,F,F,F
HouseConstruction-PT-00002,F,F,F
HouseConstruction-PT-00005,F,F,F
HouseConstruction-PT-00010,F,F,F
HouseConstruction-PT-00020,F,F,F
HouseConstruction-PT-00050,F,F,F
HouseConstruction-PT-00100,F,F,F
HouseConstruction-PT-00200,F,F,F
HouseConstruction-PT-00500,F,F,F
HouseConstruction-PT-01000,F,F,F
HouseConstruction-PT-02000,F,F,F
HouseConstruction-PT-04000,F,F,F
HouseConstruction-PT-08000,F,F,F
HouseConstruction-PT-16000,F,F,F
HouseConstruction-PT-32000,F,F,F
HypercubeGrid-PT-C3K4P4B12,F,F,F
HypercubeGrid-PT-C4K3P3B12,F,F,F
HypercubeGrid-PT-C5K3P3B15,F,F,F
HypertorusGrid-PT-d2k1p8b00,F,F,F
HypertorusGrid-PT-d2k2p1b00,F,F,F
HypertorusGrid-PT-d2k3p2b04,F,F,F
HypertorusGrid-PT-d3k3p2b06,F,F,F
HypertorusGrid-PT-d4k3p2b08,F,F,F
HypertorusGrid-PT-d5k3p2b10,F,F,F
IBM319-PT-none,T,F,T
IBM5964-PT-none,F,F,F
IBM703-PT-none,T,F,T
IBMB2S565S3960-PT-none,F,F,F
IOTPpurchase-PT-C01M01P01D01,T,F,T
IOTPpurchase-PT-C03M03P03D03,F,F,F
IOTPpurchase-PT-C05M04P03D02,F,F,F
IOTPpurchase-PT-C12M10P15D17,F,F,F
JoinFreeModules-PT-0003,F,F,F
JoinFreeModules-PT-0004,F,F,F
JoinFreeModules-PT-0005,F,F,F
JoinFreeModules-PT-0010,F,F,F
JoinFreeModules-PT-0020,F,F,F
JoinFreeModules-PT-0050,F,F,F
JoinFreeModules-PT-0100,F,F,F
JoinFreeModules-PT-0200,F,F,F
JoinFreeModules-PT-0500,F,F,F
JoinFreeModules-PT-1000,F,F,F
JoinFreeModules-PT-2000,F,F,F
JoinFreeModules-PT-5000,F,F,F
Kanban-PT-00005,F,F,F
Kanban-PT-00010,F,F,F
Kanban-PT-00020,F,F,F
Kanban-PT-00050,F,F,F
Kanban-PT-00100,F,F,F
Kanban-PT-00200,F,F,F
Kanban-PT-00500,F,F,F
Kanban-PT-01000,F,F,F
Kanban-PT-02000,F,F,F
Kanban-PT-05000,F,F,F
Kanban-PT-10000,F,F,F
Kanban-PT-20000,F,F,F
Kanban-PT-50000,F,F,F
LamportFastMutEx-PT-2,T,F,T
LamportFastMutEx-PT-3,T,F,T
LamportFastMutEx-PT-4,T,F,T
LamportFastMutEx-PT-5,T,F,T
LamportFastMutEx-PT-6,T,F,T
LamportFastMutEx-PT-7,T,F,T
LamportFastMutEx-PT-8,T,F,T
LeafsetExtension-PT-S08C2,F,F,F
LeafsetExtension-PT-S08C3,F,F,F
LeafsetExtension-PT-S08C4,F,F,F
LeafsetExtension-PT-S16C2,F,F,F
LeafsetExtension-PT-S16C3,F,F,F
LeafsetExtension-PT-S16C4,F,F,F
LeafsetExtension-PT-S32C2,F,F,F
LeafsetExtension-PT-S32C3,F,F,F
LeafsetExtension-PT-S32C4,F,F,F
LeafsetExtension-PT-S64C2,F,F,F
LeafsetExtension-PT-S64C3,F,F,F
LeafsetExtension-PT-S64C4,F,F,F
MAPKbis-PT-5310,T,F,T
MAPKbis-PT-5320,T,F,T
MAPK-PT-00008,F,F,F
MAPK-PT-00020,F,F,F
MAPK-PT-00040,F,F,F
MAPK-PT-00080,F,F,F
MAPK-PT-00160,F,F,F
MAPK-PT-00320,F,F,F
MAPK-PT-00640,F,F,F
MAPK-PT-01280,F,F,F
MAPK-PT-02560,F,F,F
MAPK-PT-05120,F,F,F
MAPK-PT-10240,F,F,F
Medical-PT-02,F,F,F
Medical-PT-04,F,F,F
Medical-PT-06,F,F,F
Medical-PT-08,F,F,F
Medical-PT-10,F,F,F
Medical-PT-12,F,F,F
Medical-PT-14,F,F,F
Medical-PT-16,F,F,F
Medical-PT-18,F,F,F
Medical-PT-20,F,F,F
Medical-PT-22,F,F,F
Medical-PT-24,F,F,F
MultiCrashLeafsetExtension-PT-S16C02,F,F,F
MultiCrashLeafsetExtension-PT-S16C03,F,F,F
MultiCrashLeafsetExtension-PT-S16C04,F,F,F
MultiCrashLeafsetExtension-PT-S16C05,F,F,F
MultiCrashLeafsetExtension-PT-S16C06,F,F,F
MultiCrashLeafsetExtension-PT-S16C07,F,F,F
MultiCrashLeafsetExtension-PT-S16C08,F,F,F
MultiCrashLeafsetExtension-PT-S24C02,F,F,F
MultiCrashLeafsetExtension-PT-S24C03,F,F,F
MultiCrashLeafsetExtension-PT-S24C04,F,F,F
MultiCrashLeafsetExtension-PT-S24C05,F,F,F
MultiCrashLeafsetExtension-PT-S24C06,F,F,F
MultiCrashLeafsetExtension-PT-S24C07,F,F,F
MultiCrashLeafsetExtension-PT-S24C08,F,F,F
MultiCrashLeafsetExtension-PT-S24C09,F,F,F
MultiCrashLeafsetExtension-PT-S24C10,F,F,F
MultiCrashLeafsetExtension-PT-S24C11,F,F,F
MultiCrashLeafsetExtension-PT-S24C12,F,F,F
MultiCrashLeafsetExtension-PT-S32C02,F,F,F
MultiCrashLeafsetExtension-PT-S32C03,F,F,F
MultiCrashLeafsetExtension-PT-S32C04,F,F,F
MultiCrashLeafsetExtension-PT-S32C05,F,F,F
MultiCrashLeafsetExtension-PT-S32C06,F,F,F
MultiCrashLeafsetExtension-PT-S32C07,F,F,F
MultiCrashLeafsetExtension-PT-S32C08,F,F,F
MultiCrashLeafsetExtension-PT-S32C09,F,F,F
MultiCrashLeafsetExtension-PT-S32C10,F,F,F
MultiCrashLeafsetExtension-PT-S32C11,F,F,F
MultiCrashLeafsetExtension-PT-S32C12,F,F,F
MultiwaySync-PT-none,T,T,F
Murphy-PT-D1N010,F,F,F
Murphy-PT-D2N050,F,F,F
Murphy-PT-D2N100,F,F,F
Murphy-PT-D3N050,F,F,F
Murphy-PT-D4N025,F,F,F
Murphy-PT-D4N050,F,F,F
NeighborGrid-PT-d2n3m1c12,F,F,F
NeighborGrid-PT-d2n3m1t12,F,F,F
NeighborGrid-PT-d3n3m1t11,F,F,F
NeighborGrid-PT-d4n3m2c23,F,F,F
NeighborGrid-PT-d5n4m1t35,F,F,F
NeoElection-PT-2,T,F,T
NeoElection-PT-3,T,F,T
NeoElection-PT-4,T,F,T
NeoElection-PT-5,T,F,T
NeoElection-PT-6,T,F,T
NeoElection-PT-7,T,F,T
NeoElection-PT-8,T,F,T
NoC3x3-PT-1A,T,T,F
NoC3x3-PT-1B,T,T,F
NoC3x3-PT-2A,T,T,F
NoC3x3-PT-2B,T,T,F
NoC3x3-PT-3A,T,T,F
NoC3x3-PT-3B,T,T,F
NoC3x3-PT-4A,T,T,F
NoC3x3-PT-4B,T,T,F
NoC3x3-PT-5A,T,T,F
NoC3x3-PT-5B,T,T,F
NoC3x3-PT-6A,T,T,F
NoC3x3-PT-6B,T,T,F
NoC3x3-PT-7A,T,T,F
NoC3x3-PT-7B,T,T,F
NoC3x3-PT-8A,T,T,F
NoC3x3-PT-8B,T,T,F
NQueens-PT-05,T,F,T
NQueens-PT-08,T,F,T
NQueens-PT-10,T,F,T
NQueens-PT-12,T,F,T
NQueens-PT-15,T,F,T
NQueens-PT-20,T,F,T
NQueens-PT-25,T,F,T
NQueens-PT-30,T,F,T
PaceMaker-PT-none,F,F,F
ParamProductionCell-PT-0,T,F,T
ParamProductionCell-PT-1,T,F,T
ParamProductionCell-PT-2,T,F,T
ParamProductionCell-PT-3,T,F,T
ParamProductionCell-PT-4,T,F,T
ParamProductionCell-PT-5,T,F,T
Parking-PT-104,T,T,F
Parking-PT-208,T,T,F
Parking-PT-416,T,T,F
Parking-PT-432,T,T,F
Parking-PT-832,T,T,F
Parking-PT-864,T,T,F
PermAdmissibility-PT-01,F,F,F
PermAdmissibility-PT-02,F,F,F
PermAdmissibility-PT-05,F,F,F
PermAdmissibility-PT-10,F,F,F
PermAdmissibility-PT-20,F,F,F
PermAdmissibility-PT-50,F,F,F
Peterson-PT-2,T,F,T
Peterson-PT-3,T,F,T
Peterson-PT-4,T,F,T
Peterson-PT-5,T,F,T
Peterson-PT-6,T,F,T
Peterson-PT-7,T,F,T
PGCD-PT-D02N005,F,F,F
PGCD-PT-D02N006,F,F,F
PGCD-PT-D02N100,F,F,F
PGCD-PT-D03N050,F,F,F
PGCD-PT-D04N025,F,F,F
PGCD-PT-D04N050,F,F,F
PGCD-PT-D05N025,F,F,F
PhaseVariation-PT-D02CS010,F,F,F
PhaseVariation-PT-D02CS100,F,F,F
PhaseVariation-PT-D05CS010,F,F,F
PhaseVariation-PT-D05CS100,F,F,F
PhaseVariation-PT-D10CS010,F,F,F
PhaseVariation-PT-D10CS100,F,F,F
PhaseVariation-PT-D20CS010,F,F,F
PhaseVariation-PT-D20CS100,F,F,F
PhaseVariation-PT-D30CS010,F,F,F
PhaseVariation-PT-D30CS100,F,F,F
PhilosophersDyn-PT-03,F,F,F
PhilosophersDyn-PT-10,F,F,F
PhilosophersDyn-PT-20,F,F,F
Philosophers-PT-000005,T,F,T
Philosophers-PT-000010,T,F,T
Philosophers-PT-000020,T,F,T
Philosophers-PT-000050,T,F,T
Philosophers-PT-000100,T,F,T
Philosophers-PT-000200,T,F,T
Philosophers-PT-000500,T,F,T
Philosophers-PT-001000,T,F,T
Philosophers-PT-002000,T,F,T
Philosophers-PT-005000,T,F,F
Philosophers-PT-010000,T,F,F
Planning-PT-none,F,F,F
PolyORBLF-PT-S02J04T06,F,F,F
PolyORBLF-PT-S02J04T08,F,F,F
PolyORBLF-PT-S02J04T10,F,F,F
PolyORBLF-PT-S02J06T06,F,F,F
PolyORBLF-PT-S02J06T08,F,F,F
PolyORBLF-PT-S02J06T10,F,F,F
PolyORBLF-PT-S04J04T06,F,F,F
PolyORBLF-PT-S04J04T08,F,F,F
PolyORBLF-PT-S04J04T10,F,F,F
PolyORBLF-PT-S04J06T06,F,F,F
PolyORBLF-PT-S04J06T08,F,F,F
PolyORBLF-PT-S04J06T10,F,F,F
PolyORBLF-PT-S06J04T04,F,F,F
PolyORBLF-PT-S06J04T06,F,F,F
PolyORBLF-PT-S06J04T08,F,F,F
PolyORBLF-PT-S06J06T04,F,F,F
PolyORBLF-PT-S06J06T06,F,F,F
PolyORBLF-PT-S06J06T08,F,F,F
PolyORBNT-PT-S05J20,F,F,F
PolyORBNT-PT-S05J30,F,F,F
PolyORBNT-PT-S05J40,F,F,F
PolyORBNT-PT-S05J60,F,F,F
PolyORBNT-PT-S05J80,F,F,F
PolyORBNT-PT-S10J20,F,F,F
PolyORBNT-PT-S10J30,F,F,F
PolyORBNT-PT-S10J40,F,F,F
PolyORBNT-PT-S10J60,F,F,F
PolyORBNT-PT-S10J80,F,F,F
ProductionCell-PT-none,T,T,F
QuasiCertifProtocol-PT-02,T,F,F
QuasiCertifProtocol-PT-06,F,F,F
QuasiCertifProtocol-PT-10,F,F,F
QuasiCertifProtocol-PT-18,F,F,F
QuasiCertifProtocol-PT-22,F,F,F
QuasiCertifProtocol-PT-28,F,F,F
QuasiCertifProtocol-PT-32,F,F,F
Raft-PT-02,T,T,F
Raft-PT-03,T,T,F
Raft-PT-04,T,T,F
Raft-PT-05,T,T,F
Raft-PT-06,T,T,F
Raft-PT-07,T,T,F
Raft-PT-08,T,T,F
Raft-PT-09,T,T,F
Raft-PT-10,T,T,F
Railroad-PT-005,T,F,T
Railroad-PT-010,T,F,T
Railroad-PT-020,T,F,T
Railroad-PT-050,T,F,T
Railroad-PT-100,T,F,T
Referendum-PT-0010,T,F,T
Referendum-PT-0015,T,F,T
Referendum-PT-0020,T,F,T
Referendum-PT-0050,T,F,T
Referendum-PT-0100,T,F,T
Referendum-PT-0200,T,F,T
Referendum-PT-0500,T,F,T
Referendum-PT-1000,T,F,T
RefineWMG-PT-002002,F,F,F
RefineWMG-PT-002003,F,F,F
RefineWMG-PT-005005,F,F,F
RefineWMG-PT-005006,F,F,F
RefineWMG-PT-007007,F,F,F
RefineWMG-PT-007008,F,F,F
RefineWMG-PT-010010,F,F,F
RefineWMG-PT-010011,F,F,F
RefineWMG-PT-015015,F,F,F
RefineWMG-PT-015016,F,F,F
RefineWMG-PT-025025,F,F,F
RefineWMG-PT-025026,F,F,F
RefineWMG-PT-050050,F,F,F
RefineWMG-PT-050051,F,F,F
RefineWMG-PT-100100,F,F,F
RefineWMG-PT-100101,F,F,F
RERS17pb113-PT-1,T,T,F
RERS17pb113-PT-2,F,F,F
RERS17pb113-PT-3,F,F,F
RERS17pb113-PT-4,F,F,F
RERS17pb113-PT-5,F,F,F
RERS17pb113-PT-6,F,F,F
RERS17pb113-PT-7,F,F,F
RERS17pb113-PT-8,F,F,F
RERS17pb113-PT-9,F,F,F
RERS17pb114-PT-1,T,T,F
RERS17pb114-PT-2,F,F,F
RERS17pb114-PT-3,F,F,F
RERS17pb114-PT-4,F,F,F
RERS17pb114-PT-5,F,F,F
RERS17pb114-PT-6,F,F,F
RERS17pb114-PT-7,F,F,F
RERS17pb114-PT-8,F,F,F
RERS17pb114-PT-9,F,F,F
RERS17pb115-PT-1,T,T,F
RERS17pb115-PT-2,F,F,F
RERS17pb115-PT-3,F,F,F
RERS17pb115-PT-4,F,F,F
RERS17pb115-PT-5,F,F,F
RERS17pb115-PT-6,F,F,F
RERS17pb115-PT-7,F,F,F
RERS17pb115-PT-8,F,F,F
RERS17pb115-PT-9,F,F,F
RERS2020-PT-pb101,T,T,F
RERS2020-PT-pb102,T,T,F
RERS2020-PT-pb103,T,T,F
RERS2020-PT-pb104,T,T,F
RERS2020-PT-pb105,T,T,F
RERS2020-PT-pb106,T,T,F
RERS2020-PT-pb107,T,T,F
RERS2020-PT-pb108,T,T,F
RERS2020-PT-pb109,T,T,F
ResAllocation-PT-R002C002,T,F,T
ResAllocation-PT-R003C002,T,F,T
ResAllocation-PT-R005C002,T,F,T
ResAllocation-PT-R010C002,T,F,T
ResAllocation-PT-R015C002,T,F,T
ResAllocation-PT-R020C002,T,F,T
ResAllocation-PT-R050C002,T,F,T
ResAllocation-PT-R100C002,T,F,T
ResAllocation-PT-R003C003,T,F,T
ResAllocation-PT-R003C005,T,F,T
ResAllocation-PT-R003C010,T,F,T
ResAllocation-PT-R003C015,T,F,T
ResAllocation-PT-R003C020,T,F,T
ResAllocation-PT-R003C050,T,F,T
ResAllocation-PT-R003C100,T,F,T
Ring-PT-none,T,F,T
RingSingleMessageInMbox-PT-d0m005,F,F,F
RingSingleMessageInMbox-PT-d0m010,F,F,F
RingSingleMessageInMbox-PT-d0m020,F,F,F
RingSingleMessageInMbox-PT-d0m040,F,F,F
RingSingleMessageInMbox-PT-d0m080,F,F,F
RingSingleMessageInMbox-PT-d0m160,F,F,F
RingSingleMessageInMbox-PT-d1m005,F,F,F
RingSingleMessageInMbox-PT-d1m010,F,F,F
RingSingleMessageInMbox-PT-d1m020,F,F,F
RingSingleMessageInMbox-PT-d1m040,F,F,F
RingSingleMessageInMbox-PT-d1m080,F,F,F
RingSingleMessageInMbox-PT-d1m160,F,F,F
RingSingleMessageInMbox-PT-d2m005,F,F,F
RingSingleMessageInMbox-PT-d2m010,F,F,F
RingSingleMessageInMbox-PT-d2m020,F,F,F
RingSingleMessageInMbox-PT-d2m040,F,F,F
RingSingleMessageInMbox-PT-d2m080,F,F,F
RingSingleMessageInMbox-PT-d2m160,F,F,F
RobotManipulation-PT-00001,F,F,F
RobotManipulation-PT-00002,F,F,F
RobotManipulation-PT-00005,F,F,F
RobotManipulation-PT-00010,F,F,F
RobotManipulation-PT-00020,F,F,F
RobotManipulation-PT-00050,F,F,F
RobotManipulation-PT-00100,F,F,F
RobotManipulation-PT-00200,F,F,F
RobotManipulation-PT-00500,F,F,F
RobotManipulation-PT-01000,F,F,F
RobotManipulation-PT-02000,F,F,F
RobotManipulation-PT-05000,F,F,F
RobotManipulation-PT-10000,F,F,F
RwMutex-PT-r0010w0010,T,F,T
RwMutex-PT-r0010w0020,T,F,T
RwMutex-PT-r0010w0050,T,F,T
RwMutex-PT-r0010w0100,T,F,T
RwMutex-PT-r0010w0500,T,F,T
RwMutex-PT-r0010w1000,T,F,T
RwMutex-PT-r0010w2000,T,F,T
RwMutex-PT-r0020w0010,T,F,T
RwMutex-PT-r0100w0010,T,F,T
RwMutex-PT-r0500w0010,T,F,T
RwMutex-PT-r1000w0010,T,F,T
RwMutex-PT-r2000w0010,T,F,T
SafeBus-PT-03,T,F,T
SafeBus-PT-06,T,F,T
SafeBus-PT-10,T,F,T
SafeBus-PT-15,T,F,T
SafeBus-PT-20,T,F,T
SatelliteMemory-PT-X00100Y0003,F,F,F
SatelliteMemory-PT-X01000Y0032,F,F,F
SatelliteMemory-PT-X01500Y0046,F,F,F
SatelliteMemory-PT-X03000Y0094,F,F,F
SatelliteMemory-PT-X65535Y2048,F,F,F
SemanticWebServices-PT-S064P06,F,F,F
SemanticWebServices-PT-S064P09,F,F,F
SemanticWebServices-PT-S064P12,F,F,F
SemanticWebServices-PT-S064P15,F,F,F
SemanticWebServices-PT-S064P18,F,F,F
SemanticWebServices-PT-S128P06,F,F,F
SemanticWebServices-PT-S128P09,F,F,F
SemanticWebServices-PT-S128P12,F,F,F
SemanticWebServices-PT-S128P15,F,F,F
SemanticWebServices-PT-S128P18,F,F,F
SemanticWebServices-PT-S256P06,F,F,F
SemanticWebServices-PT-S256P09,F,F,F
SemanticWebServices-PT-S256P12,F,F,F
SemanticWebServices-PT-S256P15,F,F,F
SemanticWebServices-PT-S256P18,F,F,F
ServersAndClients-PT-100020,T,F,T
ServersAndClients-PT-100040,T,F,T
ServersAndClients-PT-100080,T,F,T
ServersAndClients-PT-100160,T,F,T
ServersAndClients-PT-100320,T,F,T
ServersAndClients-PT-200040,T,F,T
ServersAndClients-PT-200080,T,F,T
ServersAndClients-PT-200160,T,F,T
ServersAndClients-PT-200320,T,F,T
ServersAndClients-PT-400080,T,F,T
ServersAndClients-PT-400160,T,F,T
SharedMemory-PT-000005,T,F,T
SharedMemory-PT-000010,T,F,T
SharedMemory-PT-000020,T,F,T
SharedMemory-PT-000050,T,F,T
SharedMemory-PT-000100,T,F,T
SharedMemory-PT-000200,T,F,T
ShieldIIPs-PT-001A,T,T,F
ShieldIIPs-PT-001B,T,T,F
ShieldIIPs-PT-002A,T,T,F
ShieldIIPs-PT-002B,T,T,F
ShieldIIPs-PT-003A,T,T,F
ShieldIIPs-PT-003B,T,T,F
ShieldIIPs-PT-004A,T,T,F
ShieldIIPs-PT-004B,T,T,F
ShieldIIPs-PT-005A,T,T,F
ShieldIIPs-PT-005B,T,T,F
ShieldIIPs-PT-010A,T,T,F
ShieldIIPs-PT-010B,T,T,F
ShieldIIPs-PT-020A,T,T,F
ShieldIIPs-PT-020B,T,T,F
ShieldIIPs-PT-030A,T,T,F
ShieldIIPs-PT-030B,T,T,F
ShieldIIPs-PT-040A,T,T,F
ShieldIIPs-PT-040B,T,T,F
ShieldIIPs-PT-050A,T,T,F
ShieldIIPs-PT-050B,T,T,F
ShieldIIPs-PT-100A,T,T,F
ShieldIIPs-PT-100B,T,T,F
ShieldIIPt-PT-001A,T,T,F
ShieldIIPt-PT-001B,T,T,F
ShieldIIPt-PT-002A,T,T,F
ShieldIIPt-PT-002B,T,T,F
ShieldIIPt-PT-003A,T,T,F
ShieldIIPt-PT-003B,T,T,F
ShieldIIPt-PT-004A,T,T,F
ShieldIIPt-PT-004B,T,T,F
ShieldIIPt-PT-005A,T,T,F
ShieldIIPt-PT-005B,T,T,F
ShieldIIPt-PT-010A,T,T,F
ShieldIIPt-PT-010B,T,T,F
ShieldIIPt-PT-020A,T,T,F
ShieldIIPt-PT-020B,T,T,F
ShieldIIPt-PT-030A,T,T,F
ShieldIIPt-PT-030B,T,T,F
ShieldIIPt-PT-040A,T,T,F
ShieldIIPt-PT-040B,T,T,F
ShieldIIPt-PT-050A,T,T,F
ShieldIIPt-PT-050B,T,T,F
ShieldIIPt-PT-100A,T,T,F
ShieldIIPt-PT-100B,T,T,F
ShieldPPPs-PT-001A,T,T,F
ShieldPPPs-PT-001B,T,T,F
ShieldPPPs-PT-002A,T,T,F
ShieldPPPs-PT-002B,T,T,F
ShieldPPPs-PT-003A,T,T,F
ShieldPPPs-PT-003B,T,T,F
ShieldPPPs-PT-004A,T,T,F
ShieldPPPs-PT-004B,T,T,F
ShieldPPPs-PT-005A,T,T,F
ShieldPPPs-PT-005B,T,T,F
ShieldPPPs-PT-010A,T,T,F
ShieldPPPs-PT-010B,T,T,F
ShieldPPPs-PT-020A,T,T,F
ShieldPPPs-PT-020B,T,T,F
ShieldPPPs-PT-030A,T,T,F
ShieldPPPs-PT-030B,T,T,F
ShieldPPPs-PT-040A,T,T,F
ShieldPPPs-PT-040B,T,T,F
ShieldPPPs-PT-050A,T,T,F
ShieldPPPs-PT-050B,T,T,F
ShieldPPPs-PT-100A,T,T,F
ShieldPPPs-PT-100B,T,T,F
ShieldPPPt-PT-001A,T,T,F
ShieldPPPt-PT-001B,T,T,F
ShieldPPPt-PT-002A,T,T,F
ShieldPPPt-PT-002B,T,T,F
ShieldPPPt-PT-003A,T,T,F
ShieldPPPt-PT-003B,T,T,F
ShieldPPPt-PT-004A,T,T,F
ShieldPPPt-PT-004B,T,T,F
ShieldPPPt-PT-005A,T,T,F
ShieldPPPt-PT-005B,T,T,F
ShieldPPPt-PT-010A,T,T,F
ShieldPPPt-PT-010B,T,T,F
ShieldPPPt-PT-020A,T,T,F
ShieldPPPt-PT-020B,T,T,F
ShieldPPPt-PT-030A,T,T,F
ShieldPPPt-PT-030B,T,T,F
ShieldPPPt-PT-040A,T,T,F
ShieldPPPt-PT-040B,T,T,F
ShieldPPPt-PT-050A,T,T,F
ShieldPPPt-PT-050B,T,T,F
ShieldPPPt-PT-100A,T,T,F
ShieldPPPt-PT-100B,T,T,F
ShieldRVs-PT-001A,T,T,F
ShieldRVs-PT-001B,T,T,F
ShieldRVs-PT-002A,T,T,F
ShieldRVs-PT-002B,T,T,F
ShieldRVs-PT-003A,T,T,F
ShieldRVs-PT-003B,T,T,F
ShieldRVs-PT-004A,T,T,F
ShieldRVs-PT-004B,T,T,F
ShieldRVs-PT-005A,T,T,F
ShieldRVs-PT-005B,T,T,F
ShieldRVs-PT-010A,T,T,F
ShieldRVs-PT-010B,T,T,F
ShieldRVs-PT-020A,T,T,F
ShieldRVs-PT-020B,T,T,F
ShieldRVs-PT-030A,T,T,F
ShieldRVs-PT-030B,T,T,F
ShieldRVs-PT-040A,T,T,F
ShieldRVs-PT-040B,T,T,F
ShieldRVs-PT-050A,T,T,F
ShieldRVs-PT-050B,T,T,F
ShieldRVs-PT-100A,T,T,F
ShieldRVs-PT-100B,T,T,F
ShieldRVt-PT-001A,T,T,F
ShieldRVt-PT-001B,T,T,F
ShieldRVt-PT-002A,T,T,F
ShieldRVt-PT-002B,T,T,F
ShieldRVt-PT-003A,T,T,F
ShieldRVt-PT-003B,T,T,F
ShieldRVt-PT-004A,T,T,F
ShieldRVt-PT-004B,T,T,F
ShieldRVt-PT-005A,T,T,F
ShieldRVt-PT-005B,T,T,F
ShieldRVt-PT-010A,T,T,F
ShieldRVt-PT-010B,T,T,F
ShieldRVt-PT-020A,T,T,F
ShieldRVt-PT-020B,T,T,F
ShieldRVt-PT-030A,T,T,F
ShieldRVt-PT-030B,T,T,F
ShieldRVt-PT-040A,T,T,F
ShieldRVt-PT-040B,T,T,F
ShieldRVt-PT-050A,T,T,F
ShieldRVt-PT-050B,T,T,F
ShieldRVt-PT-100A,T,T,F
ShieldRVt-PT-100B,T,T,F
SieveSingleMsgMbox-PT-d0m04,F,F,F
SieveSingleMsgMbox-PT-d0m06,F,F,F
SieveSingleMsgMbox-PT-d0m18,F,F,F
SieveSingleMsgMbox-PT-d0m36,F,F,F
SieveSingleMsgMbox-PT-d0m64,F,F,F
SieveSingleMsgMbox-PT-d0m96,F,F,F
SieveSingleMsgMbox-PT-d1m04,F,F,F
SieveSingleMsgMbox-PT-d1m06,F,F,F
SieveSingleMsgMbox-PT-d1m18,F,F,F
SieveSingleMsgMbox-PT-d1m36,F,F,F
SieveSingleMsgMbox-PT-d1m64,F,F,F
SieveSingleMsgMbox-PT-d1m96,F,F,F
SieveSingleMsgMbox-PT-d2m04,F,F,F
SieveSingleMsgMbox-PT-d2m06,F,F,F
SieveSingleMsgMbox-PT-d2m18,F,F,F
SieveSingleMsgMbox-PT-d2m36,F,F,F
SieveSingleMsgMbox-PT-d2m64,F,F,F
SieveSingleMsgMbox-PT-d2m96,F,F,F
SimpleLoadBal-PT-02,T,F,T
SimpleLoadBal-PT-05,T,F,T
SimpleLoadBal-PT-10,T,F,T
SimpleLoadBal-PT-15,T,F,T
SimpleLoadBal-PT-20,T,F,T
SmallOperatingSystem-PT-MT0016DC0008,F,F,F
SmallOperatingSystem-PT-MT0032DC0008,F,F,F
SmallOperatingSystem-PT-MT0032DC0016,F,F,F
SmallOperatingSystem-PT-MT0064DC0016,F,F,F
SmallOperatingSystem-PT-MT0064DC0032,F,F,F
SmallOperatingSystem-PT-MT0128DC0032,F,F,F
SmallOperatingSystem-PT-MT0128DC0064,F,F,F
SmallOperatingSystem-PT-MT0256DC0064,F,F,F
SmallOperatingSystem-PT-MT0256DC0128,F,F,F
SmallOperatingSystem-PT-MT0512DC0128,F,F,F
SmallOperatingSystem-PT-MT0512DC0256,F,F,F
SmallOperatingSystem-PT-MT1024DC0256,F,F,F
SmallOperatingSystem-PT-MT1024DC0512,F,F,F
SmallOperatingSystem-PT-MT2048DC0512,F,F,F
SmallOperatingSystem-PT-MT2048DC1024,F,F,F
SmallOperatingSystem-PT-MT4096DC1024,F,F,F
SmallOperatingSystem-PT-MT4096DC2048,F,F,F
SmallOperatingSystem-PT-MT8192DC2048,F,F,F
SmallOperatingSystem-PT-MT8192DC4096,F,F,F
SmartHome-PT-01,T,T,F
SmartHome-PT-02,T,T,F
SmartHome-PT-03,T,T,F
SmartHome-PT-04,T,T,F
SmartHome-PT-05,T,T,F
SmartHome-PT-06,T,T,F
SmartHome-PT-07,T,T,F
SmartHome-PT-08,T,T,F
SmartHome-PT-09,T,T,F
SmartHome-PT-10,T,T,F
SmartHome-PT-11,T,T,F
SmartHome-PT-12,T,T,F
SmartHome-PT-13,T,T,F
SmartHome-PT-14,T,T,F
SmartHome-PT-15,T,T,F
SmartHome-PT-16,T,T,F
SmartHome-PT-17,T,T,F
SmartHome-PT-18,T,T,F
SmartHome-PT-19,T,T,F
Solitaire-PT-SqrNC5x5,T,F,T
Solitaire-PT-SqrCT5x5,F,F,F
Solitaire-PT-EngNC7x7,T,F,T
Solitaire-PT-EngCT7x7,F,F,F
Solitaire-PT-FrnNC7x7,T,F,T
Solitaire-PT-FrnCT7x7,F,F,F
SquareGrid-PT-020102,F,F,F
SquareGrid-PT-040204,F,F,F
SquareGrid-PT-080408,F,F,F
SquareGrid-PT-100510,F,F,F
SquareGrid-PT-130613,F,F,F
StigmergyCommit-PT-02a,T,T,F
StigmergyCommit-PT-02b,T,T,F
StigmergyCommit-PT-03a,T,T,F
StigmergyCommit-PT-03b,T,T,F
StigmergyCommit-PT-04a,T,T,F
StigmergyCommit-PT-04b,T,T,F
StigmergyCommit-PT-05a,T,T,F
StigmergyCommit-PT-05b,T,T,F
StigmergyCommit-PT-06a,T,T,F
StigmergyCommit-PT-06b,T,T,F
StigmergyCommit-PT-07a,T,T,F
StigmergyCommit-PT-07b,T,T,F
StigmergyCommit-PT-08a,T,T,F
StigmergyCommit-PT-08b,T,T,F
StigmergyCommit-PT-09a,T,T,F
StigmergyCommit-PT-09b,T,T,F
StigmergyCommit-PT-10a,T,T,F
StigmergyCommit-PT-10b,T,T,F
StigmergyCommit-PT-11a,T,T,F
StigmergyCommit-PT-11b,T,T,F
StigmergyElection-PT-02a,T,T,F
StigmergyElection-PT-02b,T,T,F
StigmergyElection-PT-03a,T,T,F
StigmergyElection-PT-03b,T,T,F
StigmergyElection-PT-04a,T,T,F
StigmergyElection-PT-04b,T,T,F
StigmergyElection-PT-05a,T,T,F
StigmergyElection-PT-05b,T,T,F
StigmergyElection-PT-06a,T,T,F
StigmergyElection-PT-06b,T,T,F
StigmergyElection-PT-07a,T,T,F
StigmergyElection-PT-07b,T,T,F
StigmergyElection-PT-08a,T,T,F
StigmergyElection-PT-08b,T,T,F
StigmergyElection-PT-09a,T,T,F
StigmergyElection-PT-09b,T,T,F
StigmergyElection-PT-10a,T,T,F
StigmergyElection-PT-10b,T,T,F
StigmergyElection-PT-11a,T,T,F
StigmergyElection-PT-11b,T,T,F
Sudoku-PT-AN01,T,F,T
Sudoku-PT-AN02,T,F,T
Sudoku-PT-AN03,T,F,T
Sudoku-PT-AN04,T,F,T
Sudoku-PT-AN05,T,F,T
Sudoku-PT-AN06,T,F,T
Sudoku-PT-AN07,T,F,T
Sudoku-PT-AN08,T,F,T
Sudoku-PT-AN09,T,F,T
Sudoku-PT-AN10,T,F,T
Sudoku-PT-AN11,T,F,T
Sudoku-PT-AN12,T,F,T
Sudoku-PT-AN13,T,F,T
Sudoku-PT-AN14,T,F,T
Sudoku-PT-AN15,T,F,T
Sudoku-PT-AN16,T,F,T
Sudoku-PT-BN01,T,F,T
Sudoku-PT-BN04,T,F,T
Sudoku-PT-BN09,T,F,T
Sudoku-PT-BN16,T,F,T
SwimmingPool-PT-01,F,F,F
SwimmingPool-PT-02,F,F,F
SwimmingPool-PT-03,F,F,F
SwimmingPool-PT-04,F,F,F
SwimmingPool-PT-05,F,F,F
SwimmingPool-PT-06,F,F,F
SwimmingPool-PT-07,F,F,F
SwimmingPool-PT-08,F,F,F
SwimmingPool-PT-09,F,F,F
SwimmingPool-PT-10,F,F,F
Szymanski-PT-a02,F,F,F
Szymanski-PT-a04,F,F,F
Szymanski-PT-a06,F,F,F
Szymanski-PT-a08,F,F,F
Szymanski-PT-a10,F,F,F
Szymanski-PT-a12,F,F,F
Szymanski-PT-b02,F,F,F
Szymanski-PT-b04,F,F,F
Szymanski-PT-b06,F,F,F
Szymanski-PT-b08,F,F,F
Szymanski-PT-b10,F,F,F
Szymanski-PT-b12,F,F,F
TCPcondis-PT-05,F,F,F
TCPcondis-PT-10,F,F,F
TCPcondis-PT-15,F,F,F
TCPcondis-PT-20,F,F,F
TCPcondis-PT-25,F,F,F
TCPcondis-PT-30,F,F,F
TCPcondis-PT-35,F,F,F
TCPcondis-PT-40,F,F,F
TCPcondis-PT-50,F,F,F
TokenRing-PT-005,T,F,T
TokenRing-PT-010,T,F,T
TokenRing-PT-015,T,F,T
TokenRing-PT-020,T,F,T
TokenRing-PT-030,T,F,T
TokenRing-PT-040,T,F,T
TokenRing-PT-050,T,F,T
TriangularGrid-PT-1200,F,F,F
TriangularGrid-PT-1500,F,F,F
TriangularGrid-PT-2011,F,F,F
TriangularGrid-PT-3011,F,F,F
TriangularGrid-PT-3026,F,F,F
TriangularGrid-PT-4022,F,F,F
TriangularGrid-PT-5020,F,F,F
TriangularGrid-PT-5046,F,F,F
TwoPhaseLocking-PT-nC00004vD,F,F,F
TwoPhaseLocking-PT-nC00004vN,F,F,F
TwoPhaseLocking-PT-nC00010vD,F,F,F
TwoPhaseLocking-PT-nC00010vN,F,F,F
TwoPhaseLocking-PT-nC00020vD,F,F,F
TwoPhaseLocking-PT-nC00020vN,F,F,F
TwoPhaseLocking-PT-nC00050vD,F,F,F
TwoPhaseLocking-PT-nC00050vN,F,F,F
TwoPhaseLocking-PT-nC00100vD,F,F,F
TwoPhaseLocking-PT-nC00100vN,F,F,F
TwoPhaseLocking-PT-nC00200vD,F,F,F
TwoPhaseLocking-PT-nC00200vN,F,F,F
TwoPhaseLocking-PT-nC00500vD,F,F,F
TwoPhaseLocking-PT-nC00500vN,F,F,F
TwoPhaseLocking-PT-nC01000vD,F,F,F
TwoPhaseLocking-PT-nC01000vN,F,F,F
TwoPhaseLocking-PT-nC02000vD,F,F,F
TwoPhaseLocking-PT-nC02000vN,F,F,F
TwoPhaseLocking-PT-nC05000vD,F,F,F
TwoPhaseLocking-PT-nC05000vN,F,F,F
TwoPhaseLocking-PT-nC10000vD,F,F,F
TwoPhaseLocking-PT-nC10000vN,F,F,F
UtahNoC-PT-none,T,T,F
UtilityControlRoom-PT-Z2T3N04,F,F,F
UtilityControlRoom-PT-Z2T3N06,F,F,F
UtilityControlRoom-PT-Z2T3N08,F,F,F
UtilityControlRoom-PT-Z2T3N10,F,F,F
UtilityControlRoom-PT-Z2T4N02,F,F,F
UtilityControlRoom-PT-Z2T4N04,F,F,F
UtilityControlRoom-PT-Z2T4N06,F,F,F
UtilityControlRoom-PT-Z2T4N08,F,F,F
UtilityControlRoom-PT-Z2T4N10,F,F,F
UtilityControlRoom-PT-Z4T3N06,F,F,F
UtilityControlRoom-PT-Z4T3N08,F,F,F
UtilityControlRoom-PT-Z4T3N10,F,F,F
UtilityControlRoom-PT-Z4T4N02,F,F,F
UtilityControlRoom-PT-Z4T4N04,F,F,F
UtilityControlRoom-PT-Z4T4N06,F,F,F
UtilityControlRoom-PT-Z4T4N08,F,F,F
UtilityControlRoom-PT-Z4T4N10,F,F,F
Vasy2003-PT-none,T,T,F
ViralEpidemic-PT-S02D1C1A10,T,F,T
ViralEpidemic-PT-S02D1C1A12,T,F,T
ViralEpidemic-PT-S03D1C1A02,T,F,T
ViralEpidemic-PT-S03D1C1A04,T,F,T
ViralEpidemic-PT-S03D1C1A06,T,F,T
ViralEpidemic-PT-S03D1C1A08,T,F,T
ViralEpidemic-PT-S04D1C1A02,T,F,T
ViralEpidemic-PT-S04D1C1A03,T,F,T
ViralEpidemic-PT-S04D1C1A04,T,F,T
ViralEpidemic-PT-S04D1C1A06,T,F,T
ViralEpidemic-PT-S08D1C2A02,F,F,F
ViralEpidemic-PT-S08D1C2A04,F,F,F
ViralEpidemic-PT-S16D2C4A01,F,F,F
ViralEpidemic-PT-S16D2C4A02,F,F,F
ViralEpidemic-PT-S16D2C4A03,F,F,F
